6.998390028222561,-4.11468404726409,-9.625679541974026,3.2800560696767755,1.872118079380558,-2.4804457701275573
1.5726542937865928,0.9027064577403565,-4.614675752170716,1.5748983628390811,-0.9548358080863761,1.7224366053440465
7.9604756649145365,3.4553112790536544,-9.880225304554955,-9.79512183078162,6.543735280215204,-0.12574357457754148
-8.053789728299714,-9.20171580642668,7.586224989494972,7.259833914328844,2.2891605907199586,-3.4221609275787945
6.209120910951387,1.0733245221818355,6.360098103784646,0.13899293725286865,0.4078867518839435,-9.853239873211514
2.908426491069813,9.870661686361855,5.432091737278746,2.83499253169911,7.267006681526342,5.11375907607619
-0.8266761694237634,1.9559887654287622,8.328965407524285,-4.042527841581087,-0.18518267884411577,6.549836267265268
-2.355607174602987,-5.057969651383716,3.696327212771926,5.871124351082752,-0.24526426816714686,-9.112882513112805
0.9213487126494257,-3.1036413776857708,-5.216471249696877,-7.543388976261718,-2.447734047517751,8.174651921207406
-2.6824985833390036,2.992249018591129,-2.7234234749753017,-4.394531908913388,5.046466112082815,5.348947188229987
-6.265147349945264,6.193070735652273,-3.655781976140937,-2.6284688664318656,-5.06775979870633,-4.7229804957566035
-4.549236488411559,2.204129633707521,-8.735388237623006,-8.130688572226799,2.3659080713269054,3.683996753146541
4.62046001529491,3.421944825548382,-4.971408039469411,5.712302176421533,5.800113812294272,-2.14976922183459
8.354057626095761,-7.721208311482128,-8.46840163296296,6.1958199112522605,-1.4927322466651916,-9.407065134155486
2.2351469944272373,0.1430879547592867,0.11823582220808371,-8.598215626466892,-1.6975337553665404,-1.1713142323761394
4.494570725153859,-1.8415477901729327,-4.1449813100498245,-8.30195989992346,-5.38836469991574,5.471992947358775
-0.15294562272360368,1.2088510673011221,-9.697290778802437,-2.8103006719171364,-6.800959448464257,5.43408898400235
3.7523261840033317,-2.8519393621043987,-3.973737150910639,0.6665904992377025,9.637579065711737,-4.019989282987389
-8.383675089670685,0.03407164886249259,8.195356035557822,1.9691532423981184,-1.813039449095688,-1.5979610731520077
-2.048227064350834,-6.800870202824152,-6.310845571023891,-2.09018713166345,-0.8545869158663311,6.088873346533788
-6.021126803475529,-4.580574774030506,5.970454395691222,-4.238654390920818,-4.231785802202324,-6.4674729964016775
-1.990104533268373,-6.520302129416546,-2.8299963627509617,-6.233233815879782,-1.338068480993726,6.504074396239612
-2.697128456906406,-3.7841156428042577,8.371877489895574,9.031507262908544,8.87505816303074,2.230868584743264
6.291084461426406,7.2218190335801165,3.7567487788593112,-2.4347100794098164,5.09870227333238,-2.5951236245264564
5.575334279482602,-0.21032919055523625,-1.6684877377789076,5.8840761989693435,-9.660678753403936,-6.194411861366476
-3.043924026146212,-6.97651049190317,-0.07059100746222402,-6.304219363620184,-4.718413150759233,-1.7740010960719377
8.253825566932225,8.856551073959807,1.6761028232096953,-5.547705931074269,1.934648706328459,7.382810188195405
2.9534811294314234,-7.684570400970303,7.936131164840942,0.6209147548823424,-2.655076651546935,4.678198560099833
0.27015540438885877,9.912963444298192,-3.1303322922850096,1.0432960033425775,-9.288449349445722,-7.949645198556368
-6.544076365632996,0.5794456090537081,1.0145577413931273,-9.167630299240614,-0.8702258006036856,-0.19356538045466554
6.9437937775056895,2.075285956244739,-5.402202025924419,-4.392356430462414,1.8224257113711495,7.678904459451248
3.9866475161925297,-0.3343912675970184,-8.248147205720917,1.9061166763070148,-4.981881998003608,-6.336932252843215
-0.10780232339425488,1.6109995844759695,-5.042171672969788,-3.4655580640969075,6.772528663635626,4.193787456295775
0.6501392112576942,3.223486643719471,5.493323419486091,-0.6679611752767856,-0.7828354426241124,-4.3291443281507735
-7.408930226248431,7.746290579606061,5.313776346484076,3.958343726072213,1.4260530289229068,8.471463291793315
-6.717209477523376,-1.831356471140877,-3.2827779279553293,-7.4209894303981265,9.452005649694023,-6.890036451609831
3.4486752240328244,4.062620670471766,8.025190895119582,7.530993747004658,-1.102838555325527,-1.1031137425358906
5.106202449503677,-5.707222848628928,-8.09253709876793,-8.311857108749887,7.493998456179723,7.469801020226092
-2.4611756122165107,-5.258188672297914,-9.727764051968173,6.897392150115634,-3.236652482020408,-4.753296881601614
2.9958122787828967,9.395248078258598,3.7982806286129223,-4.102631974812807,5.118001695547505,-4.877431275615631
-6.494749452317445,2.872009046533772,7.387524300404122,-4.999393533684227,-8.637447485016326,0.8875070789306561
-5.544626339414787,-4.587364543656934,-6.40839919262274,0.40877138813446123,6.859015506093906,2.4638220229784724
-6.616722432278457,-9.830700490457529,-5.265732731153461,9.314512392822769,3.5000030268988924,-0.10408878222100792
0.8832899108032666,-4.776714801643531,7.798851238766731,-7.867043965613618,2.455917558920344,-4.605798984798122
3.7813751528793937,8.52725161122411,-7.357175623544556,3.158575849599543,9.940679543316977,-4.18654362611788
-2.205839450305598,-1.231855970957132,-8.747372005019072,5.4466934298643395,1.6531831005204745,4.056049065529638
-9.683731311359141,-3.2130348275971476,-0.8587348779132742,3.9998167426489872,-3.795060000009265,1.5754711595168747
3.9595942416554686,0.38123019350081,-3.948897445973907,2.0267856059088007,-8.534348980599692,3.5726707298180194
6.883273965559438,-1.3234775736236548,-0.9002335453049626,6.838253766364424,4.077514301205795,3.5991186225919014
8.718141694815234,2.6005882363166855,-0.8764098713588808,-2.8941972696114626,3.030884203800821,5.685294002978603
8.736827426387313,-9.688569201569807,0.26225478588652207,-5.294378084071436,-7.973123608784849,0.784220670742386
-3.255869429043605,-0.6395710075312544,6.01851931137404,8.852787697481121,4.405523052140663,8.564251160987407
4.978941951081315,7.45513917049756,-7.949508991727743,-7.347262552329767,3.2786109676571984,-1.1121083000682042
-3.2542305020326956,4.886230738876495,3.1335726455713586,5.455106474210418,8.86945448287353,-6.567342192570351
3.2653026199732604,1.5201868224173132,-4.8394169919319685,-5.932952731652108,5.594075292198763,-9.000977741522489
-8.476619972503826,-1.4047645539024645,9.170578167860706,7.485426562362316,2.900058623571846,-9.205599861718387
4.048408111464596,-2.4371498098262268,1.807064092178452,-7.798222376398602,2.3091398844582023,-3.240331934416165
1.0857610056325595,0.2816340516677762,6.987916157523153,8.01869627303801,-2.3531209824633637,-2.242896161278791
7.765182870062189,2.988007378460489,9.907152842920441,-6.205062392172687,-3.7691106220607806,6.06953968889004
-3.5851196411842046,-4.243725482115675,3.4469740515402547,-1.8144088444953388,7.323498894640041,-0.5550629990511324
0.6008715107669049,4.800524587518231,-1.9236762663781626,6.3951081724339325,-9.666138072706032,-0.9927106721918499
-7.903398391316578,-2.864812771751175,-9.459433055371358,3.2406431049413564,4.988520258777642,-6.824369366023381
6.368894160476093,-2.147093298844356,4.828359822794505,-3.1918741015603413,-4.615047252470214,2.4687047041446664
-2.333434698406276,3.80773837512999,-3.374930299241554,-0.4940857249374653,6.959982862892908,7.070282915632042
4.154456222881087,3.702324050730279,-2.180255776064346,7.638973181274162,1.8082519055214008,-2.441273052216113
8.36806946635097,5.618275156005672,-3.701782837468357,0.966138259177105,-5.383378123778582,-0.3760950482129144
-6.697728446475921,4.2065807102562935,7.233239281177668,-9.890769115349464,0.8426043049718013,4.978282038574711
7.70621826227271,3.9795931863211553,-1.6033667805768648,-1.0856597636038923,-9.20135389178698,-3.488339176706736
-0.9859621164791776,-3.4121342074849625,8.633792589722589,-8.502363515936949,1.5430057524780172,-6.425347483350981
2.543183541010625,1.9089994302872548,-2.1651023333345965,6.357294423324278,-3.7368778809392422,-6.243429933910751
-3.819805121507034,-1.7941218760484823,1.1644159118719322,-5.480928448040081,5.377912007400103,9.93137451780642
-7.907335023972781,0.3524198700043568,8.954262672328305,-7.237488384755593,-3.7745503306274353,-2.2311819176000447
-5.676697853884263,4.973270701306152,5.527586175503936,5.11170585120198,-4.484653142176147,2.1738725078356547
6.867276325821463,-1.4894436193394944,2.6737223579797287,8.177978942393382,-4.024265449904076,7.337199232865441
-5.633943833626902,-6.738763837094115,1.6949554523708765,4.888501578768811,-3.0305497854754804,-5.3832563301981935
5.405273894505118,-5.532943180018006,2.4846321319493825,4.0183367785074235,2.2388117934776353,-0.004016975655185551
7.766216648728488,8.377361415552206,0.9049965801686244,1.846948801931494,9.787917267189105,-7.582565926004108
-7.1918183996502645,-9.916025978535448,0.2860079083817091,2.116735356573547,0.6729645672868245,-9.965849422948738
9.166509266959956,-9.479500536272823,-2.3590240013274877,-8.689603837862618,8.62514512745432,-5.352027719400716
-8.773961270835251,7.590095034259104,5.088706564365153,8.6845111502279,6.395357918487323,0.747279573492099
4.758592599929257,1.7264784434097336,7.217951056786449,8.820362677957156,9.569152926800538,6.337260225230981
-4.539305035915122,8.249715592182438,8.697116182440368,-8.016980532869017,-3.904868210180641,1.1262290859738222
8.722622243514612,-9.503208847725887,0.6151233182441374,2.489815439004499,-6.844183083297568,4.004303265723978
-2.748096659063446,-6.497687075586784,1.0934455734931992,-7.847703607712546,9.50234753703672,-7.136457904121056
0.9314174494692273,-4.218502965962743,-1.410812308911924,-4.577394796146745,-5.932308332968428,-2.999941754595976
-5.08988933315414,0.6125161205592478,-4.96817988559711,-2.636135392474339,8.852380718025879,6.1949930860316
7.270945496455581,9.397909340649573,5.306788508791136,-4.798918526230096,3.581348587719304,4.502870401853622
-3.9653541402186576,7.195186280160842,-8.503444424771246,3.5514684751335013,5.187041243696933,-9.89616839729874
3.6481609641162227,3.522553529306973,7.109487752211097,3.2778494825233895,9.831687603571819,7.856807912310357
-2.8240184490779585,5.727016238051448,-8.990294458157063,-9.095223049720158,-3.1873370615843033,8.5383572935007
1.3536412257855845,4.757724667971043,-3.490825557785535,-0.9410798939492571,5.0513307673044805,3.2615051574517273
5.596338839357449,2.7339560067932234,2.669756050047165,9.331945880412327,9.76732123249964,-3.880170195611796
8.636905812393838,-8.879570571419332,5.393620659538934,0.8360818082872035,1.026233651676569,3.6952362954313944
-9.515234452425352,1.4475598529435096,-7.98314384251335,-3.4891133331588375,4.606828865245472,-6.275597722690078
-4.399511525398698,4.750399989752186,-1.705341490211778,8.4505526789469,8.680815611432775,8.724344991397562
9.068376122094735,-3.400222307425318,5.472932883933903,3.338203945812155,-5.53963924264675,2.922109931694019
-3.9349645061058025,-0.43196866673540946,4.893478823743012,5.495926135800689,3.1091478552726004,6.639705796674093
8.523193340136912,5.252967858988442,2.487841162221691,-4.778536745459894,1.5970009048171696,8.849345920669101
7.343167505908057,9.44062003267458,-6.163024500157062,-2.398726558173585,6.890733383056002,-8.31139921997006
-0.1666138331660183,3.1618550593891204,-2.36049180665709,9.054205059367453,1.87483030078347,6.305169427254407
9.77822975138161,1.8810674622949786,6.976612863450442,-9.562152787006315,-4.369166443171615,-8.29675194768411
3.834008163612561,3.917874060956863,-9.580502665430185,-4.977244609338269,5.702007491544629,-5.597187302152571
8.38815572766595,8.502687568041335,-8.852526953298351,-9.151100592004891,-9.642318645293917,-7.917633752243471
1.2703296224087213,0.7570329046911572,3.263595612124046,5.674801488078344,-4.807734048081624,8.459957509398732
0.7615764387770474,-0.07509687286050282,-3.3696879264690804,-4.476131216229186,-0.05603034182161126,-8.546869720474605
-3.172246808244661,4.219030567250714,-0.1444591810167828,2.1726010397362505,-5.24934391143743,-9.419066221409693
-0.03453369710301857,-2.925387131891275,6.5057733456921625,1.7428416291568816,-5.040265377493678,1.6102682764304377
-9.816415765315046,-7.685713324333254,1.3749787533714009,-7.620551732757446,7.7902208505161274,-8.595794342421259
6.12682793830615,1.2534233115872806,0.5688859756669928,-3.0457112410239118,-5.28755227014678,-2.976869795066006
7.47090931229033,1.5042294548881663,-2.2134792516329305,-1.8734161747195643,4.292836117525265,-9.405514489909315
5.849858948108883,6.593544690797408,-5.984966448043682,-9.937238125479247,4.868301914874076,0.8873047010889246
-7.892313274631824,-4.581878156415657,-9.408850202138781,3.2176905422753554,-5.693658045976511,9.076509860384034
0.9155737173768386,1.2069303702787981,-8.192631601695673,8.545718996645988,-1.6460826810880835,7.4575070327261095
-5.44780133876163,9.029137660732848,-6.023246463497416,6.029020577418489,-0.9137395612015142,-8.958584378501374
-6.643700884375578,-7.8111293675807225,9.89998871972852,-3.5227199200876935,6.150336981785278,-1.0749274979934098
-5.4898222238291705,-2.2011313791761933,2.4466178133009286,-1.5451977453476529,-7.751832114849162,6.046048335694327
2.232947106864629,-7.952366516665334,-2.5113935221877615,-0.6048101267054284,4.61043465419128,-9.712271948955454
-3.445464793354578,-2.46283478321764,1.5518187735410716,-7.264851526424321,-8.802281894225139,-5.881722946710724
9.407361837277996,8.54583014642582,1.7505732885970904,-5.084550480197785,1.9500123923657675,3.2270998568511566
-7.262510272666745,4.583366761361274,-1.6857221388343913,-6.062597146350271,-6.453955886197149,-3.704688379926011
0.9591968397682771,5.117315826074977,-8.297184984080978,-6.643968727150802,-4.410967385714384,3.699182379833106
4.736007750416231,-5.893326154903815,7.162203779036547,6.302432046093578,9.540751526871878,7.002644710384169
-6.412051453891081,3.3691425211126336,2.551500341590891,3.52408364602524,9.553771681431426,1.1006829361637682
8.732309101087726,1.937596145781062,2.7780758564026398,-7.946931320085813,5.171373169173588,5.573670863379531
9.696555370067014,-7.780236533601322,2.632976494707453,-6.808575142906948,-9.547291036579264,6.806180477824442
1.5167740110079042,-7.257788495767638,3.952200067484548,-4.323858311189035,3.3251087985362493,8.997799534324162
-5.000762277399435,-0.9054687513349213,-5.445185678154654,-4.816999219170417,-5.210535594492445,6.82390398246765
8.452342201763386,6.340965627020543,0.6878718646935122,-2.9662463809303397,-0.9869200244260923,5.1395360874192475
8.377699429434738,-0.2887827256778075,9.571319603608877,-2.9324441420451453,-2.345817105420165,8.17916520005166
6.294630250900292,9.08269411655155,-3.6482818931260574,-5.5036601123372275,-8.517735646664516,-0.3965810859981711
0.6901054721842192,3.4825596483438814,6.085808077804797,7.396088233633833,-2.3746926024129933,2.853889103507792
5.675398414350559,9.15417413032922,-3.350548972821825,7.402293100950783,-0.8490817039938126,3.208677180459394
6.964705780806913,4.35023443490217,-9.561732021110709,2.804916404773987,1.855038643109801,1.2043695106322772
4.340745639051442,4.627861951463787,-7.460639297796041,-1.7343277142408242,-6.4817244303443955,3.106052533732999
9.412126777916228,-0.21186983795604908,1.7730983488847651,6.229519939993153,4.06620522680357,-9.782247398519816
4.430288897909911,0.6763459135106809,3.5954897084205606,1.8890575227238715,0.19097257723450944,-6.651836766565921
-9.550124932505158,-3.644303843448866,6.90260157594444,-1.6158372419562306,-7.891877695762832,-5.997080535829131
8.699702568376999,-9.06355545726758,-9.603606167156912,9.19292428331135,0.18389055739832738,-1.3940858353843821
-9.090095613350172,4.764488178778683,1.158045152965661,-2.933810127193819,0.9778147344156651,3.702394812113996
5.794614606542652,5.6540184364076085,1.7175347910835281,-4.4078443983109095,-8.195857398414452,0.04404121072336231
-1.8352561232267761,4.856380617420126,-0.06621570429650392,-2.6868220807548204,-4.114003954635683,1.7369139717441584
-4.883843307630052,2.388547262549432,5.657523214398676,-8.222724964045412,2.919324345840524,2.1574880811530184
-1.5207152781545075,-9.886495932658367,0.09611646114416006,-5.919885555973101,0.6746489323207427,-1.3429164741206545
-9.221987977544226,-3.9544555564332784,-3.0760091010462975,2.5736076782158968,8.355286284839272,1.0621960191939728
-2.629127314108073,9.072611597947322,-7.63995082531729,5.480897279585455,9.739083215083479,-5.751436142582287
-6.5866844671106195,4.0575392980208935,-8.521203696121715,4.24738983094781,-4.790022614667224,-0.06143283472447081
0.3869251600888979,-3.571359777576526,-2.94106763149234,5.46491341361989,-4.596165123780884,3.7484671618020737
-0.12594020974757036,6.763198645775363,-7.645982270658596,-4.796415937206062,-5.811109406277366,-9.155540656075532
6.945054403754236,-6.3797551294247645,-0.9781690959568601,3.351904217932904,5.0797008094528495,-2.0475714482384055
-7.841667478841328,5.056364675134597,-9.263489236792179,-1.877351552872808,-1.266054116240054,0.18011807247154454
-3.4989440125090288,-6.254620777585376,1.3807336477908216,4.594550441696286,-9.055619743243636,4.14899700853145
1.0538306306104928,7.91332753149558,-5.513756127240659,5.078846863191815,-2.4167013262769,-1.8560336708384084
6.009758547315531,1.4373296920856582,-3.831657382045286,-9.397414329163283,1.6619667986851416,9.066938705386008
-6.195001204413007,1.5032669642537932,-6.952751698377774,-2.6575668215403514,-8.20314737093397,-5.570306731275567
9.023450554902531,8.732024541648977,-4.439878077085211,-7.987757247887424,7.352615933720168,0.6442861606395334
-8.126951957243326,0.5375021136930558,9.030936562862111,-2.3577893988435084,9.957695170063857,8.724964546233661
-8.563389560271322,-6.969491246073232,9.479455542188369,1.851202588588552,-0.42044732198547097,4.055431510580698
3.239910502006107,-3.5813867560584978,-5.443918166237253,-5.608244333961201,6.818807447530844,-5.673732026946849
9.665440655508373,0.9274285993492581,-0.8334501772353287,3.238948327030695,9.706584255949531,-8.010385251546667
-1.445391171356487,4.309721791995848,4.055482024617381,9.856601930220135,-7.314791338069999,-4.358876325142931
-3.4566573993899574,-8.896615668184806,4.722161608662637,7.376983532703456,0.08243681428435679,6.1668954157903055
-1.4584807140663836,3.7255072371774656,2.2058747511168764,1.0428992752823163,-0.08812758939258813,-1.5953249737606012
-1.2704719833423805,0.7258909046106532,-1.0202153683370585,-7.126398203823654,5.417950985226467,8.894833204854587
7.952196512255174,8.427644865085572,-9.821936178304382,-5.83214669526706,9.8646988041604,-4.690036413125345
-5.187459899668971,-4.508980486178276,-6.62888707404613,1.4800606348292455,-3.1725561518162992,7.670412510577975
9.371904533138537,-8.751872473464722,-0.8196663813820582,7.184426573538209,6.162218824785672,-3.009679894625179
5.888283741100759,-0.22611300738204498,-9.666256115647812,-2.4821013054905383,7.991833837342249,-1.618635118475158
5.498318314379929,4.969948902061558,0.8564907986250114,-6.402491083602644,6.240350657682989,-1.2979260789961877
-7.119066086885315,-5.863650647433831,-9.192845194594305,9.922461232999499,-9.71763874482617,-9.478104981728855
5.988502609801052,5.690142585020603,1.614443857929213,-1.6691501895099559,5.527201814634537,-6.045951206772271
5.9787793247921766,-2.2428906050603437,-3.077415916896069,-9.748699889632725,-2.6576234925260955,-4.236009915993064
-5.592681347283901,2.200743135311287,-1.9293779521825383,6.75705718039308,-2.4463296683091085,3.203391077603841
-7.570223899109698,6.241674743346524,-1.5828587375572667,-6.7094896442147745,-7.19915840035944,-9.118060554755187
0.6094830901809756,7.711643358133447,-6.907180480225701,-4.953660484806033,2.546237141619232,-5.023159079787549
4.706216933585228,-8.088085693959526,-1.9481705010982808,8.096483094553982,-2.136685385020476,-3.898809829041958
-4.88086650990182,-3.6314215100431557,5.941563489631525,8.354073313720145,-8.201677892363652,2.701133868287955
-7.467291538033951,-1.847860150111884,-2.854413488452563,4.49704437681842,-2.846914894464889,-2.837318998234626
4.556683603224951,5.213749772884906,-2.458158894204727,-6.276002871207229,8.042371127653976,5.633672610162181
-7.053066718265038,-5.079776860861529,9.364563757880752,0.7278781750980801,-6.960227458092376,-9.374659106522179
-7.918741782833472,-5.574033284478426,6.109057786395711,0.6489718474687134,5.645783970261138,-5.04894297168379
-9.807943173110798,7.717979918560561,-6.372254445587955,-8.309155201092855,-7.72098797075553,6.9948398366772535
5.726531964037582,3.203711258262929,-1.5205866280838598,-9.794164209991859,3.583730961652507,7.560350710418788
2.1014923171142508,-5.288694223025487,-0.7694997911781409,-0.18592250624902107,4.777526899816675,2.080906184978819
-1.7307875975276832,-2.147596001435814,-4.036507923845514,7.683705858206138,-9.772170328594322,-9.763761673396907
-4.557393476739389,4.686462073264545,-5.88573314940116,9.00357658886149,-4.812659147731715,7.12649802690267
7.569712780661487,7.178576906339185,-8.961726742336387,-2.8890744553607983,-4.335365473493738,0.03169087381993618
9.335540782294277,-1.5169010206957623,-9.30431945349342,-6.953755088345752,0.21344619469609194,-8.830999632516752
0.6575292317002579,4.012637019825518,8.054063536037024,3.916778759674613,-2.044130027459876,3.670733550926879
-9.306610558188611,-9.766493054638254,3.8765213690765288,-0.18424856488096664,-2.8499708499068377,-9.67388492085046
0.9510760685236286,-1.6065967083706978,8.03037904820508,4.930269494436694,-1.8556812924769073,0.18496254532467615
-5.304980400675936,-7.1911922465476845,-1.4713549486628175,-2.7995283523347947,-7.356420248986546,4.068751337219543
-3.088203598322632,8.960970095100551,-6.254984948084479,3.3341784653946505,-1.0310408276128924,-7.99199444136743
-1.6618546691063107,2.258105769515857,5.709150789872545,-2.8670830167159678,-1.4817462965561967,8.977364514500962
1.5517362102915566,-3.312965133564836,-8.311286979626543,9.734510690609628,9.715799256529207,1.5293634819917412
2.5902662217438843,-7.842551392764534,3.30712614657793,6.331780293760194,-6.976422881766011,3.344358758421404
-0.5912758980729471,0.3621129109361676,-7.584579352361365,-0.3309459460962372,-4.793150970948554,-7.9238105371828365
-8.439373682863122,6.59124604396866,-0.4228280655711636,-8.62807401486785,5.456801958652109,-0.11728487664480536
4.45232454755306,7.39045622311062,-2.063967218058096,-9.131988668862352,-0.14639879866714667,4.012038974154959
2.811180300436704,-7.539206305394872,8.687059759395414,7.1999112212992085,-4.4786279547323,3.52567128460334
-1.7507360101595104,1.0296354105710326,6.520308471206624,-9.545479583808449,6.402521263768424,4.547420999498433
-5.549685750201732,-0.07300451647379802,6.2469799844804585,-1.0140305350523304,-6.728480797804071,-6.475922591660654
-9.694632657277005,6.588183153489515,-0.7822260103242806,1.5799613819996106,-6.064145212951598,2.690610655917005
-7.408239835429775,-3.7704541485631493,-6.052393373473697,6.821028191186471,5.844918456835364,-7.1039188925346135
6.803117959475986,3.0989172877326254,-5.0665478350983895,-9.150265809942514,2.872062533115376,-3.8686749339346083
2.881338293595075,0.27241070483046803,-9.884331232863905,9.160830221054127,-1.9656829535704423,1.8409764564148534
-2.02907594906909,-8.111707147974583,-0.7949248946189691,-0.8010534829378924,-7.242454684348846,2.932788094771621
-7.726153793112768,-9.335811177337472,2.8573619387023053,1.874795203574775,-3.1798635634817662,4.521420012866908
-7.993742890309989,5.77540013735077,-7.565596239288535,-9.167733653571073,-0.7517761822534785,-5.8038183176475
4.113789228632967,9.55106945338894,-7.121650512336433,-3.9441837435443783,-7.189610429862432,4.328626544695641
-2.327676985653011,3.740799051871584,4.7761591419079625,-7.692439584397979,-2.6223651340165954,-1.2876552009932962
-0.3530031995681915,-4.322123256597266,6.740971889756128,-3.9573378107454493,4.155326976384918,3.0748938946588145
-0.47525131077475136,-1.4365475523072146,-2.2494094786239693,-7.183571284438277,-1.1200657180437057,7.902923173205663
-6.557805428296415,-2.330488781157223,-5.411216007671902,-0.5239389583012266,8.994480603760122,7.570479628999395
-6.072221133717363,-7.314062444780678,-3.0016267528475016,6.3841888782213,0.024520372326430895,-5.819364525135853
8.92452203875296,9.736079639864549,4.197343464776586,-7.048600431577061,2.644490870586278,0.6670284942535387
5.8582950051122085,-8.926571199522094,-1.280542147086281,2.438864967547325,-1.17228192694097,-6.447867883594576
7.731953824065854,1.19399686918632,8.467169477119686,-8.613751879603264,-0.2913197799700673,3.544253549959344
5.085419121292802,0.8786353848797512,8.715736555986862,5.333084742916478,-5.020831830439767,-6.043582066151531
4.9173336543455015,-3.9397702450866268,-4.638074836623122,3.526531309536214,8.6209336595109,-5.7765895110701
-7.179694486183676,-4.132928194509482,2.0915864551689634,4.183065743029635,4.348122178536591,-9.168038374914246
-3.1827555627507365,3.461230140053919,1.5990420473444344,-6.846113744852427,1.3540828648850556,8.094118588476695
-1.5361783017698816,3.8874120045250105,-4.910829196417423,6.6233885239943575,-3.166987420905556,-6.375243833439224
1.1420745002620225,3.0821899343030545,3.3979945546219636,-6.882705625588783,3.3153932920523665,6.613199579117404
-6.644451919534267,-5.714615013554074,-9.986330379674008,-7.904671244856505,-1.9208126949239435,8.661128417073272
9.757097594890878,-2.8310104529375812,3.6693832793543435,-4.855162341169088,7.674751650881275,-4.085733858339122
-8.418509339325075,7.39798960902,-1.4263062057754539,-1.3116899318467867,-3.920702672320251,-5.296560145583982
-7.854984313134111,8.297737706080092,-1.0445685277246253,-4.829755214285152,0.925777354889219,9.562728402275733
0.05680269133599314,8.339444466687208,-9.180710553130265,7.767899170879284,-1.5302058554724973,-2.5551309781218645
6.624507809956269,-4.933973464247952,8.908183924492178,-8.63503690301206,0.02805402256371492,4.480417841005635
-4.181811661464372,4.7617836789336865,-1.1457417782594503,-7.0440433026929705,0.7144180741158479,-1.1508108884242874
8.962294687298204,2.861147238965065,-5.29943383974441,-0.26472981290457165,-2.2165310187290777,-6.581257956985473
8.063858902968715,-3.1064659579856713,7.763938751318012,-8.188316796061239,-3.4010130363458857,6.986730868869911
-0.45412256950640106,-4.0578498729517865,8.997001553132034,-9.813721708766607,-6.808329009925876,-7.965957219096936
-4.048749677753367,-9.31326626499374,9.85146147744059,0.4620778384191371,-3.557730719921526,9.6273959167239
4.279992354858749,-6.679662943491163,4.615967609703578,8.773159580285345,2.0453557902056274,6.404901103701752
8.28410100621488,-3.6302837032809543,7.14434980888443,5.825760276906076,-7.000952239521537,7.442943159328424
-1.2355127178883962,6.784924236463272,7.581631303506883,0.9921005964192919,-7.850548521866571,-9.98764251442645
7.077640048515561,-9.362932801421506,9.301224542971555,-4.073071128301924,4.553174746414788,-0.005758385942458144
6.4978111276718575,-2.0154706123091626,7.569853283750718,3.6314989668540076,-8.454347251310995,-0.18148764277873708
-0.23890772268041482,8.102189582147489,-8.265349072120866,8.887119980857301,-1.4888356226890131,8.642517401275256
0.7381203181006701,-7.498094572720076,-2.8377256233521675,-9.91984669797057,5.748288235340768,-3.3567776158985008
0.9809518489148772,-8.641482585206015,3.6579929611439077,-2.369842787002696,-7.693218239247486,9.799939599371738
-2.790783483595125,-7.647443658118009,1.9885892777018044,-2.86772018267476,8.698730503695916,-5.107113273107293
-9.323527751040132,-8.05694772314637,-8.410470432676199,-9.970309740315669,9.298544640370674,-0.9072259750526013
-6.980976037510683,-1.5791647468826708,-1.7275746079793386,8.513281634343103,8.00230729068039,7.025957963473688
-6.165400078018672,9.796080618085416,8.884045259435602,1.7343652802838694,9.836765392839784,-4.551192915250795
8.128764597419982,7.810860328577071,-7.778158840214873,-0.6372255545565819,2.6733851441139134,4.6330423051576775
-2.760517669942568,-9.522959738826515,6.891422966156046,-9.714989391424071,5.736720384314866,-2.3993475564168554
5.248822493234531,9.066786786634376,-3.1637782217442,7.489894199081073,-3.9262246090684028,6.4445452067103925
-9.69854774523986,-6.189554076995334,-1.8867657880116062,-5.219110508924604,-0.7946763151856895,-0.6996529413517538
7.807316102036683,-3.2459844426229134,7.150598248472731,7.2834194736061875,2.3155506505357226,8.92654435089156
-6.953077309828968,-5.01729159997166,3.196409266300131,-9.172914179465955,7.617995717759589,-5.676498755901385
0.1283771419119284,-8.379955203282643,-0.05706576403272878,8.236307056544355,-2.4184748921575983,4.860381991314357
4.947217670005037,2.7284171991365103,-0.8502185234449744,-3.009125557874861,-6.5861020290306005,6.6739758977108465
9.36435842589047,2.7716450801785752,0.8848892625285987,-7.470988651941745,4.9908470154338165,3.8250088620722478
5.598101888977933,9.266246618344878,-0.9718184146527364,4.265425228701898,4.194597310073586,-9.664376203913765
-0.20958348002165783,4.403524879692419,-2.0121886397996636,-6.6519693193535705,9.620364325840411,-6.768472486592872
0.4425566644427148,-2.0465846878174365,3.581004135064121,8.33803795657591,-6.486668940609002,7.68959485087885
9.477272438097819,-5.455347457882982,4.9179641089388015,-9.355317202577016,-7.33562294868519,9.96646316430413
-4.971145006039022,8.21856011023258,3.419609716688079,7.913550906339837,4.977192085416291,-8.0708050342271
-5.210909850643954,-1.6606145984069887,-0.6187057879746738,-2.4275757090435146,-6.215439305123375,-6.222934024238378
3.9342201553266154,-2.210287142451912,-4.532696286099833,-8.552894661310875,-0.0163616791218546,-6.648967724267074
-5.695795249055655,6.961717230255166,1.0640363505427852,-5.808585300401847,4.141779886943093,8.005871574447031
2.9765151299248327,9.868668314429991,4.574951378115644,-6.542338114254472,-7.067165424293302,7.085329996970502
6.047740078340576,-4.449895821694105,-9.086169933706492,5.138102835821769,-1.5808265862319337,7.433411637651821
4.753497199725429,-6.024880516417095,4.200906692591852,4.608907780062381,-2.4217207591214063,-8.6624346429161
-4.71997482079737,-9.738099553185275,3.1302164185247006,-8.222736398491143,7.802670094381437,0.6585014481054285
2.9780673719386885,-0.9418541856763829,7.419126430675707,-1.9230278592340344,0.5809124202055682,-9.94167146324765
4.9683245951398725,-7.588605302339737,-8.947251474325315,-1.4368086966698734,7.835456179460163,0.2371105325848677
4.9427268445630705,3.057129085477337,2.870125337205993,-7.509500546252426,-3.207063691479104,1.0418890974628603
0.7279702412385669,-4.678707740820305,-9.648652399618065,-3.664075646353877,-9.59938175783144,-4.336953455991123
1.0607864281709545,-7.084664479358434,-2.7331377457612893,-8.10256709052307,6.529591851569416,-6.855713415011535
-7.766001446186617,2.827656317507359,5.357995167650056,4.758348178653257,-6.512609772254172,9.88110073689376
-3.1173962493376983,-7.692424713232717,-3.2043969363855296,2.822518041317388,3.395664917299628,-7.687632102199247
-8.771451907448908,5.352715795670804,7.846443003798509,-9.590146969661198,5.351565634760329,8.696026724392873
9.137191223355368,7.505548781166795,9.409796610489998,7.128368421920268,-5.89628693009969,7.402791806867414
0.5662244953170847,-4.702653649345983,-6.16277706032742,7.1975167057616085,8.382363609692732,-2.619306788613336
-1.3981784487008464,4.251099741317226,1.8933753665898068,9.068720519143332,-4.404484538808933,-7.379426718283277
-9.450875517384816,-4.426251815831186,7.565518387399859,-4.951790466435114,8.261311930572333,-8.151706927636614
2.098161535453742,-8.195697785426203,-3.253604582663192,-3.490534958992617,-2.471676061751522,-3.98066883861691
7.687096000192131,-0.40436188640340376,1.158789143113712,0.7575360780558293,-5.387197304708193,5.682231794809445
5.849438180508266,3.632061082188478,-2.9879047884473042,-9.09856693521763,-6.10094260279152,-1.5341670578240874
8.26038129692334,-4.185769114426893,5.051593168200559,-9.90456878801403,0.6115353732538997,7.943350383683678
9.25603666527256,-4.827462866282861,-7.2867948642744835,1.2561835183372327,-3.3086821384540532,-1.9983604705487612
4.59380072120112,5.249644552724129,-0.6294812736340005,-4.433855443160568,-4.660253467978865,-5.459821822342217
-3.125189151696419,4.815371419520716,2.32025158500643,-2.3327881711196063,-6.509247719620415,-9.858046008654464
-8.300992525792175,1.4457891720029004,7.402977955698205,-9.009776119261542,1.107258639383213,-0.08739191959682424
4.2541614532454926,8.524282566838695,9.168788936652783,0.035711335753021434,6.263533735799838,-4.075165142756754
-6.761153324525965,-1.881741586009682,-8.652947822513859,-8.324471150466428,-1.4856807771042724,-4.649058570611939
5.465667015946294,-6.019627732560524,-7.6979938297698975,-8.39801274169355,-1.2579076547965706,4.431730623586095
-9.67845615476157,-1.284436830661595,-9.403844837084263,-3.1073953657822795,-2.3436834357781877,2.3672636493935806
1.968413988127904,6.710353109408169,9.052274911363178,7.250358569173487,3.0830685026814164,-0.6453499510660787
4.7990045199249165,5.574262773028211,-0.9035436891891568,-9.671253509007585,-7.064415998135994,-6.280291857971108
4.971782523868726,-0.8856214621326175,-6.250382790102487,-8.356019880732335,2.855507602889411,7.151519155209773
-7.666313145470376,-8.224103596084928,-8.218937589931706,-0.4984592801785914,3.990698765847569,1.3935715416169248
6.019139581347035,-5.5705277669131466,7.631869781694,0.0853195146721597,-8.249640862112743,-8.617889661637959
8.169190568462701,1.0206997597892742,-9.533874120104613,0.7696283588747321,-3.052316900151959,-4.160954638935966
8.576229323817724,8.71478432292949,8.576672394832938,7.46525015592463,1.4105693285780996,-3.9188370093826252
0.008116810125087248,-0.942729629473309,-2.401770176428686,7.764429804790154,0.796659870899632,1.074538347557421
3.703637372734365,8.975913189818097,-1.7355656174828704,2.141776711951695,4.2080794050096575,-8.628993034963628
3.4410581539990193,-5.802636337340605,-4.723093590552843,5.826251398547557,-0.042218062099927955,-4.761009769200292
7.011345063185958,-2.8651058666339146,1.8440938860953882,-7.632571177557788,-0.09408642544691315,8.27920084275954
-6.877404010622463,-6.331205543453866,-9.77484793749155,2.357494620042524,-2.3718057837669626,-4.449452165854635
-2.75571585637028,-6.601262855730708,-0.326821487709561,-5.0433538813138945,1.680873640516698,5.235051152312837
-3.729743329825792,-0.29747053486279595,-0.03129356779523418,-9.929450805943677,9.540551196018914,-5.931877109336461
3.517102626269837,-8.382998551211907,-0.6894489536233639,-1.1541817830665968,-4.472161802022354,6.312465446830444
3.5648911187860355,-0.28232179292761783,2.292096945062214,-4.460562142863824,2.122732832596792,-9.048826651880962
7.477471459619087,3.0042464544400937,-7.394548071039512,-7.572395851966592,6.524737975305976,2.472842840273586
-3.574410230125864,0.015444995026707709,-2.8327933872917144,1.5118889386256384,7.089505971960033,4.55494712810546
-3.001621951117779,4.117950164997406,-7.3530561226014495,5.248059863569972,-4.2926179965938704,6.655343756307024
5.502888916732673,-2.204300939562358,-7.129951446275995,-2.9747226843680274,-7.622178557447874,-4.20781000612191
3.5956570979579294,-0.8644257333625482,5.227768043624894,8.274335033601947,-1.0865206856976761,-3.460213615516552
-0.38026248512886607,-5.812307969109122,1.610747374665702,4.4090445206051125,0.23695270773637978,-0.27657087025277693
5.093894897343326,-4.4915022133552025,-7.9228644352631665,7.359364867807492,-6.377491503184009,4.985855770257874
-3.8643677206031235,-6.281506720950027,2.644250579102132,-0.2685054943363574,-5.762668735476422,-8.20663086306197
-7.780278383433419,-5.602009724474543,-2.4774351797690652,6.762374607410897,-1.4442281069062135,8.270783228164277
8.800981630131794,2.29979534224775,-1.4761527557625231,8.195764586912702,-4.166256776138888,7.333187255242746
2.652865172810679,5.327877397735124,0.5335768939232777,9.916066140457506,6.322973735878417,-7.475517685237143
-7.6815702673179835,0.20240652225099964,7.808395132614143,3.901080166085269,3.3096877864336793,0.3422735078867989
8.532544647712841,-3.64905338416057,-9.717880303528135,-1.2413728284083159,-9.226307864621157,-3.5389451222774215
-6.095228762941143,3.8743106905296854,6.887752771336779,-8.750825690966039,-1.2744696145726864,7.780756249300884
-9.785071072990979,1.8766024988238428,4.86521677886683,4.302480769434585,9.13000994071841,7.210641080999645
7.908405949184769,-6.720797254451889,-2.5888690054535,-2.7573321640033965,-6.484115008374307,8.176125790835647
-3.0476818960476204,7.12804119010973,1.0364747608858549,-1.5254623598466943,6.9860344055545776,-0.8724808461326927
1.5284500598005257,-8.758633609586097,-2.6097388366544094,-8.797379687349565,-6.4004467276141845,5.4583920481622545
-7.690998114911292,-3.5206646368666528,-7.395628709222883,1.0011366280906953,-1.9067018820582193,-0.7638204951888672
-6.0058007674543585,-5.6071284471483835,0.7686064751385868,7.209906312163701,-3.9309207735466978,-9.248208200259908
-2.4401835051501752,-2.933937992744997,2.3610465969663874,-3.2879155307068086,2.1044536912422274,-0.6556981355839997
4.749268204872809,2.4287512881554374,-9.16046000818383,-4.981305910581675,-7.68110157637008,-1.5571108549433843
-5.69057988459174,-0.17711505386974302,2.0859037219792387,3.6255537264304016,-5.051931379326254,-2.825366726285923
-3.7314587786073594,-4.157342069441585,8.8052979177383,7.919024660673637,-9.246317398546724,6.09847912965175
5.283342369814332,8.401281464403,6.886661717698759,-3.586233152378626,1.1722679999796348,1.5219557743730894
4.3891380821797465,7.69544060737773,-7.747185544354862,9.692261559082407,-1.9307451466305237,4.97218446913217
0.4929078201945458,7.807881576910322,6.931932667159737,0.0033273366191344245,-4.487616853350495,2.6846734564180808
2.274589817247412,-0.5524128044720222,0.9605582969859916,4.773626842584977,1.0071321969301517,5.114650106383087
5.576912471801285,-1.6542718391142586,-1.2150829825365483,-5.557268078886153,-9.65703046774842,2.8065356002869257
-0.6263138505336641,-2.8057487636175082,-2.0796016427066233,7.7518388128990185,9.109521929762767,-3.9664810819633955
2.5138321978248057,-0.39926123997339635,7.52761741802119,5.746879255204666,3.422609472899387,-1.7020031091091536
1.4537410461549838,8.240462096461052,8.155295995000134,2.2521358524162705,-5.578944244764921,-3.3168427685354174
5.063499952609137,-4.051076372433875,-9.84848442677534,2.608645821965052,-7.853429370071494,-2.09860115452577
3.3214255321032438,3.140386525355432,-6.278277820114053,4.268783121222938,-7.766543729476689,-6.193583369247357
0.9381071188928525,-4.694416833782609,-4.65548252517447,-9.00986956608157,-7.927824783057858,5.573619318383416
9.643244377775446,-2.254953661468304,1.4714440244978921,-2.7877932875815215,5.049452671057358,9.240315548822869
2.4272095276398176,2.8948510744228417,-7.216299949435374,-6.036339372821013,2.869975052100233,-1.563038373055885
9.440222931215905,-9.099072358482754,8.079675021409283,-5.9375711553362365,6.587714926710106,8.712612113154428
-6.623023466334626,0.5400085156433665,-3.734588051653296,0.7007540055870431,-0.9143363586186037,4.815259455609313
4.144872041621013,-1.7922615410041431,-7.986588229051785,-9.060199852663764,3.870390377481756,-6.983876047603681
3.7474404206367495,0.08265677920500814,6.858549210337546,7.457591707428167,-1.7233984856511153,5.113330639917642
-5.962125126866025,5.0679000589206495,-5.954624456097733,7.597728532497214,5.244077000062504,5.5615641649141505
-7.33804154818303,-0.17955895711760927,4.523180012221988,8.201481361183681,-1.9572749998683325,-8.081024300349107
-3.555517448854295,4.714160587167999,3.9593275643274373,2.5061728581715514,-7.367455639401301,2.2739443616019073
-8.173634497067045,0.8617171329024842,1.4192241564052588,5.698486803929866,-3.6647864785143502,7.751081393483215
1.8261089228152483,-2.191403893633541,-8.791564310038408,-4.019903207357281,2.9447639482034393,3.8789871365875794
-9.952852878874076,-0.05580366569320594,7.977417702445129,8.650334373913942,2.3875095183316986,6.96642958038961
-3.7518587717085006,-4.364024092984675,-9.395656554949403,-5.782724043277547,-6.2881021718361225,4.499661974436715
-0.43946745009141974,-0.9068913025832193,-4.67907809531355,6.126531758291085,-9.39151073379664,-6.108103484680569
-1.1479405457836522,-6.265337774878697,1.9573786428741102,-3.5106588350204193,-3.5784995081336124,-6.075874432831164
-2.9827492257806654,8.037098829411299,-1.2770111566646114,7.785943876432895,-1.510063248053095,2.4385156547254283
-2.0704432189820565,-9.677207838354594,4.002741572360302,9.471555422342778,9.392557057346355,-5.933881239402041
-1.7190339493638596,3.8224123360134787,4.986951340466783,9.859098558110178,5.752603275982504,5.940443791061787
2.0345200016662623,3.238022708083401,-1.7640697194035182,-1.5067925525736636,6.098867142205664,-7.41593744291261
4.189485451359403,0.6499274170536928,4.414971327639239,0.3620218958910071,4.121744348335719,5.896969022118023
2.2276491370920426,0.08231069577409489,-5.919431062075855,4.243474991420331,-7.503233115347523,3.111239974185589
8.936687062687492,3.015195674433251,1.6787822286186116,-6.7311078659156465,8.950196551346794,-0.13411051229293536
4.504849361994932,-3.9519980932398235,2.8148631220942844,-6.869903048827501,1.754735195157442,5.861181716809984
0.6422136123139843,-6.107596761128235,-2.865360270191797,3.2107041060682295,-5.141413799509071,-5.651732274259809
-0.38272163242370816,-9.501485542096212,-2.7171240536217622,-8.10808923012152,1.297682009810941,-5.940013478649937
7.21850609055082,-6.947747594741198,5.728588580366778,-6.39411804537493,6.331092630333519,-7.567352558712783
1.0574192066452626,4.983712896665107,-5.772166759959719,-5.0922301377306685,-3.509470885637047,2.144055958673421
-8.63167917903063,4.446226450250331,3.8398309502745076,3.209891029643628,3.655404785333587,0.11173829703281957
-6.854163527523758,-3.006890297485605,8.392468636516732,4.397542465769408,1.2969825230819643,1.5048174147694127
-9.833950723806538,3.027120936929717,8.915955275112257,1.6319018145461461,-1.8517299738099702,-4.225266151886757
-6.16460616307402,6.336658973749301,1.532999385510354,1.9325892141720513,-0.7820990018174534,-4.273870873457188
5.749873059545887,-9.863813026342328,-8.307113420725159,6.702021351321596,2.2027266814759483,7.147465905268109
5.274114042504077,1.9964851138794781,-5.938825931950154,6.8945822620281465,-3.001850936589796,-0.8585954213440838
4.53130375457407,-3.378569442044257,-6.503514895059272,6.82346575699486,-6.668807749202315,5.2317661094022565
-7.9448869659884895,-1.2409986207154078,1.9827583620588052,-7.142183078769957,-4.785889562996535,-1.5891603373625318
-6.425235512731231,-2.5368915381876067,-6.244581310933084,-7.2995705754463724,-1.740227584621361,6.883031667360346
0.3130070222937542,-2.345447614724663,9.822532975028995,-2.812950104114198,9.715040741814782,-1.1044246646669587
-0.959883256182863,0.6809372762108978,9.836817361733845,-6.8408188473505565,-6.865136708357795,2.9918189054373645
3.6905115890478357,-1.95564174385783,5.1666756013708355,-9.639754062743254,-6.780214939227218,-6.182805372144136
8.107924498432793,-6.424479925121458,2.284311374325003,-8.26484898109318,-3.5472322986877036,-4.874602019145453
6.887069642521306,-1.2384611723827654,0.8349227134996706,0.45180021614436683,4.155954846021683,5.483308476909401
8.642831983592467,6.388509565676235,1.3283966349026621,8.360651695817182,-9.022271957494667,-7.978626053702751
-8.411376760602717,-1.6462421105642444,1.4325334215949237,1.8953510344835922,6.6945556720370085,1.3278833194398576
-2.5220810492710566,-0.8167381182406586,2.666918998453083,-9.444176240158331,-2.5335614822829933,6.432335629882589
9.404088726145874,9.159015444300548,1.5821112821380412,0.046742471091418825,-0.07173410721422746,3.4133552991394334
9.190028076414428,3.1897080323167737,-9.537524970840837,-5.696591805533789,-1.9440507501242887,-1.801086046037863
-0.3994709551541398,-5.731967716495355,8.389431828727268,6.136291080592027,-3.4517015644888427,2.133841849844056
-8.45644567364351,-5.924464993980958,-5.487108867873481,8.30713312095105,-7.820733689105199,3.990759704562137
-0.17971631884458716,-2.2678542658373746,7.733856774559391,5.524719714274349,-7.625895445799746,-3.9477063212527486
2.273451222541798,-3.648237216949095,8.988632439803506,0.5519037575490326,-5.395758966958388,0.6890023700339132
1.1042745849303581,-6.5289605803747985,-2.574008077948513,4.459503117371031,6.488046366843636,2.9464865944437824
-6.213127973031467,-0.67236898223622,-1.2023783001152388,-0.8636063201635835,3.131858390588609,-1.8996570432546878
-5.3894599586152765,-4.550591569217994,9.208401892603158,0.011914930666798718,-1.8028861752562042,4.601261287117011
-6.051199626353747,8.589404164847902,6.217131670280482,9.310409928322196,-5.485031059112513,-7.502865097003686
0.031166313382875455,9.950939248499273,-2.716421274269023,4.370606240017974,8.399291353129092,-6.5772848820093355
1.3331763627095072,-8.68403131414453,0.10983454616704913,-7.066906126254269,0.9785973935344239,0.4506873027710201
-0.5131777638456203,5.687309879067768,-8.392263796317552,-0.8520360590142917,-1.0164749305826826,2.1879367553352247
6.554236070311492,0.21549564232313578,-4.726100956008765,-6.508596655132617,-1.486516523079029,-3.3289414786425997
-8.262634307953107,-5.5708283067988855,-3.6261726648523496,-4.566755573201354,-1.5880982736861826,0.9816941264403933
0.16093361638682468,-2.2388470183999742,1.3103940046959406,6.581378182817232,1.9177346827886543,-9.969263591015354
3.6727387298760483,-5.523835298749951,9.335102773218535,4.038837968030025,7.4555052481572925,-2.1573060574256497
-4.224792563823301,3.5784783269410902,0.5769396685572592,1.626888881228603,-8.68046634370263,-7.819018866538796
0.6889762281371015,-9.738906245442031,6.032819203430488,-4.537202132191243,-5.67471437685088,-3.4618469889475234
0.6709523667932782,-5.348191912492075,-4.815166718619723,5.97152734709383,-3.699935661447562,-9.676903372757648
1.972836453812481,-3.925913021579679,-7.656624755486188,-3.899863630469944,9.55764207022656,9.084176885121085
-2.761266409365375,-9.703984096574342,-2.3639703492375874,-1.6957039616916458,-0.6607665623548287,8.984653545473321
4.06705981904498,-2.2859884259748364,-3.9723391511949324,-2.631066796614696,-2.6256524938412396,-2.1782466811157097
-7.9811748684329125,3.6940072337936813,9.65005183750854,4.531890894615021,-3.9908595511753497,-3.4655908567822946
0.08681462151165054,6.2505109059745045,-6.729681520849862,-4.848528659420632,-3.315396877270531,-6.436305086429323
8.225349719259354,-4.366588534327372,-0.010333433172573514,-7.008891989204407,4.734421215298992,-9.108039911454735
4.472938793149186,8.151452014251952,7.525771264124326,-1.031503448819584,2.6925959084709183,-5.613344867780754
-2.212849251862621,-6.296991798693012,5.253711005372741,-0.4752253341472712,4.041330468276394,-3.916529566875755
-6.80088515211591,4.371378028789641,-6.077350208924237,0.9312613702600947,1.1057263029919207,5.072990588766803
6.0767825782405005,-2.2816108457908935,-8.374696397402147,4.119279038833801,-5.185737790528126,4.517244919309283
5.65291326350337,1.6672053048324664,7.062989166649571,-3.6407901871779957,-8.071071966606432,-7.27371490647003
9.806070091446875,8.06424266411778,-3.201192510839883,-4.1343479338654525,-8.20797453650976,-6.524364593213767
-2.5767599568896027,2.1553331890225436,4.347764550927091,-2.177902415855588,4.3333229267731905,-6.545911325040774
0.7826457834571388,-7.000182123711038,-1.7646725003615105,-7.048924400093332,-3.20013519797117,-2.5113157938520336
7.311626726805287,-1.6628338836794287,3.7323963282190675,-0.6748032447832708,5.849523888039812,2.30357057933235
7.930979645375271,-2.9599419321993015,8.608943100752855,-4.296711369067832,-0.8535855473493736,2.7102576531706424
5.38531389978127,-1.2253301263563743,-0.2573020382402902,3.473250077066221,-7.045226689174797,4.840291419345997
1.819509018611969,-9.81906680012717,8.889990243925025,2.621677636716686,-3.743626830500437,-7.186203103874602
3.6319489277399586,-8.450399004018143,8.284135582997314,-8.981518500682668,-8.47680733144066,-5.886492976944684
0.6128936144322772,-6.596058966480571,-2.388188574798251,5.4202434633036205,5.770548272475171,3.4087485953942265
-2.5175794128813145,0.9765284985101363,5.860998811273184,-9.411668731706502,0.8631262024809216,1.0718585426904137
-2.324870829901311,-3.3185142841017545,-5.464346205310822,4.09867767070939,-4.628817757833865,3.5352974141803184
-5.056309615619632,-6.586451064574296,-3.4205061562682704,-3.7827379398840955,-4.384250604475235,-4.140653998790198
1.9566106545211803,6.682034286617558,9.857812542300216,-4.93746668077274,9.816485153309703,0.7686385518510352
-4.155474793258729,-2.646934077661325,-3.8802845840793587,1.7218279197170205,0.19364848401386858,-9.5002478406775
-8.459781326729903,8.502115960541271,-4.638907858757828,-8.916585907264388,0.30175112777941937,1.4062649070576816
-4.455361179604749,-6.606206229677641,-1.6425644650296856,3.5492856032675624,-1.1811427286000686,-6.306204868062828
7.056435866379626,-4.553107249588084,4.916078226044189,-1.9617320118930603,-0.2962850222909763,-0.8975712806937497
-2.703062467202184,0.05137652364130885,-5.120857476080944,7.481230718500045,-5.882462893554326,3.8607957959451533
-0.355652115406655,6.117865026396315,-0.6702225830489739,3.6845311376591328,-1.8399864934483978,-3.0199051535803156
-7.915669027082652,-5.91646052827919,3.8426536852612614,9.507382272635962,-7.304460353002236,-9.600152590628209
0.13811116579265814,8.570452539196825,-3.14190847216544,-2.3499260755809304,3.382831801230155,2.22727678206442
1.4541178447272252,-5.516603352167568,0.17289000424318912,1.9847809657546933,-6.498323422045303,6.150926277924739
-4.088947134033263,-1.0041291900323857,3.5133041084534278,3.1358181733894086,6.317239660513603,1.5424646345857207
-7.085794522187117,7.979928582407898,9.392364538213272,-3.51224196190395,0.4828403769077605,2.214467015919215
4.533249102904266,-6.615073717642175,-4.110390214183164,-9.720229470478385,-4.595147547637182,-5.365185771200196
2.3962482369664273,4.413543026078792,-4.839457723400482,-9.987037033391385,8.33308842760793,1.2138930111947288
-6.884801941900715,2.3504256344240515,-5.324485576333964,-0.5192884564421174,1.6393506139285297,8.419185756623202
-8.226765633787432,4.821750714213138,-8.478912197736987,1.9484057199507032,1.9553360150578514,9.86131694898611
-2.278795546778951,0.7945932372395048,8.84529019334726,7.047871152658754,6.4295390678252655,-9.89107916857322
-6.935106685615948,2.7699360019835018,-5.6932090760571,2.7532012949768014,7.657118800965364,8.15174766800027
1.771738056892902,6.751823848216388,8.658251997897576,0.041802186970441024,7.1585854925071635,-9.781938477105074
-8.53637776983133,3.0079727552368873,3.6323889696484235,9.062351327011031,6.737800596613761,-4.121995172694506
-5.246481340637647,-4.336156594089653,-8.841764657393991,-0.5753925070540067,-6.110705305123192,4.227870484137391
1.7178392019910027,-5.267032793622734,3.542162934387345,-3.9473033056039175,-9.968418090993206,-1.9044767250056083
6.4341115523463,1.5511291468065114,8.213720844812137,8.415329438935652,-5.365964494200868,-3.6330183131515836
8.58921892385209,8.323422146877695,9.01620940999698,0.9806829357104885,8.335028161000178,-4.934805827227457
6.009169564922172,9.055899165055425,1.261344471825474,-3.63400861423653,1.9704588649715982,3.5110706027984984
-3.9554263323644867,-9.402833448922927,-9.8646185019048,5.242411300831222,-5.424431365849102,6.639668357292865
4.281882520036644,0.4750792627152278,5.254836525654653,5.125245483245438,-6.6070305187367495,7.4333461080687435
0.23574537896300818,-8.93346280522524,-6.2552628255038805,8.910791657968245,-2.072997587291878,-8.232954840050466
8.010007622981131,-2.5440318270739537,-1.1843724154909463,-0.537779837545791,8.689109530868912,2.2926803808384744
7.967163283333747,3.8032073608853723,-4.967627964574415,9.14824965343042,2.6255192339638356,7.461149053338825
-3.317989437824662,9.118459454947585,-5.445524031433497,-4.816483003319338,1.2800736557403902,0.6409593441675532
6.180425929155509,5.980766817164643,9.102768216047771,2.5471484311566472,-5.02801295685668,-9.519083792429742
-4.237412665539559,-1.7500062606471878,-5.028785124784965,-8.729297723623116,-3.0120653418090604,1.1562099127651249
-2.040314483866008,-9.443990577656965,7.303895169245466,5.245562732775637,-7.444142574336398,-7.005143337084512
-0.8415596233192701,-2.5144274107136555,3.8254710787059154,2.0560426917761143,-5.668175569122069,5.76239215068588
1.7682108011651332,0.8250365499998158,4.6988275617301545,-9.68213057653598,4.0814540824084045,2.8822246065332857
8.830092189668548,-7.846586684133459,3.486721505719328,0.5727259319292788,-2.7894397836262486,-3.630081814132333
7.523987372707812,1.2432725014170565,9.777684571504235,2.9121769423492783,-7.574664788194523,9.43418658047376
-0.7528849575246954,0.8856245924622108,8.807570964724274,6.10890522106776,9.14932324967889,3.522409433689946
2.2693825178103144,3.512490213002617,1.7454937701749174,3.5072975157439545,8.620784981698733,8.902208579009747
5.181467450834168,-6.298375569361625,9.226968396755248,2.4464875588123136,-5.477399169283876,6.206227257316613
3.708020923949784,2.0767176565928147,-1.6984066751566074,6.206229022893275,2.2223852937795163,1.1025788987556173
9.785869451995687,-2.9701077287170152,6.294049979222425,-6.869871978421324,7.678723310236992,1.3371019955672825
-4.916968298567632,6.851757364969327,-4.570239809786107,3.2851144370760177,0.10159013358576718,4.238439054059764
-1.97583686963124,6.4944075314105625,-4.676421019293029,-2.494233678589546,-8.050970524713028,-4.183222677137928
-9.404452537485975,6.179894692731778,-1.501583539574829,2.319534492053219,3.636916736880733,-7.8197324141157125
-2.5975209867545423,1.7315259621725998,6.0128431031452205,2.2324425231150813,-0.09635652139577067,-8.235385660414634
0.764038649842218,1.1573008984451372,-6.499126512894506,-9.778890342649522,-4.607927549977933,-6.931033571371314
-1.070760794502572,9.963070101622282,5.594933720284361,-7.055481173776908,-9.894550400843418,-5.030873421698057
-1.1836305067179964,-1.37992748903226,-5.082617862313099,5.127042347984538,-0.22450436258359074,7.10740013323975
9.336006991068341,3.2788215055072567,-5.291267001958624,-5.852616505248309,7.833068413934516,-8.903893070615574
9.220961418041963,5.045201495704403,7.335212217220941,-8.015363232078915,-0.33204943358930317,8.657635738967882
3.0731877758652293,-8.531560607802202,7.536210387257205,2.7153521573286965,-1.687995954867021,-6.936621792998922
-5.732101410462884,-9.805768639636469,1.0738213261875296,-8.858995809989539,6.776906083347168,-2.208628845838694
0.28431494283305936,-8.928308041215516,3.711598481764906,-5.095614156550424,-0.9216267073005957,7.164575308276737
-1.8267896102795267,-3.7069537473269043,9.942919478344551,-1.6184161530961272,3.468676093671026,3.9248333862983764
3.437435979696686,3.3134864141168663,4.0919762308879,8.214209109138029,-2.5138192804141934,9.933774559555566
6.8918305644267,-3.017547358654229,-3.6268894351511416,6.576742965764996,7.077130349781271,6.583190518963393
-0.2668203078274134,1.8156775045729567,3.0028527577262976,-9.557410678351783,-8.88283205327384,5.497172737358962
-9.106209522987434,5.174228852194984,-8.364406454510512,-9.82215287221103,-1.7466940585881408,-2.1746073181444947
5.411382937237859,3.340143371551818,7.969975185376635,-4.121155586923924,2.9879471819866743,-1.3906853413631381
9.6472275439811,4.3159475470248605,-9.563456980461433,-6.20201612987678,7.775017839333895,1.8548002726669188
0.27652946747870777,-0.3439060590621157,7.264855811076565,1.6767712737874296,-8.604681806332028,-1.1626097947425018
9.16241484190779,0.7556079027774065,-4.836448644735185,1.5770196447203344,-6.172972896218345,-0.27779171561602256
1.6369402234929886,-9.48896357880551,-6.860202887443987,-8.520102352612739,-1.6909438925957954,-3.3849340682600437
-3.870446109806196,-8.692296891045366,-5.062158035128579,9.756322228069823,-7.2020715102355615,-9.129443754807504
-7.500483067348316,-1.5478086248329581,7.321972982111293,0.33780153432430904,9.927926595722854,-2.5575232984440244
8.593273130369,-0.9968883304676224,-9.357172572238792,-4.662967534741007,6.111041348236775,9.044112876194859
-6.742324034612608,7.713200062747456,2.3023139392186276,-4.039411174088214,9.770389208566673,6.295234586826566
5.635034477104552,-6.754289527396344,-1.86247897510879,-0.6816883728741807,-7.624045925836138,4.226552707731271
-3.034060796539406,9.685431721005083,-8.915307639536048,0.0381513006672618,1.7572212233595508,-2.705250128145098
2.8637900881275913,-5.740557470091153,-5.621496692476821,6.759883762250498,9.209629128009077,0.7313913327217203
-6.706600487713592,-9.02335670291561,-4.7174037675717395,-3.1839257377564767,9.353817288276101,-5.824422539488438
5.75213668646414,-3.7867929382445875,9.093463573526659,6.130246278884606,-3.9597729322501563,6.98126271070392
2.955451602306982,-7.310257308895052,-8.728189857030905,2.118478043653911,2.9993260654961373,-6.099724265247213
-8.214176999282419,-8.208462150344708,-5.245030068154117,-9.203102928798646,-7.861259005103209,-8.97452010390247
0.1654131233774514,4.255329921770398,4.716592050912705,7.7607242898583495,-6.488430898633868,2.9472186335056705
-9.604871545294822,-4.368870041564133,-4.299672438014777,-2.7363957733004307,0.7289584819221084,8.579986522769477
-0.6560530134382558,2.298323544722367,-9.103655993097835,-2.605350562543587,8.358429173150663,-2.3391864178638744
8.186502209215794,-8.143541585707839,5.118185050126107,-9.130193861270293,-5.080226119365059,-2.613965857825249
5.48535107063336,5.399766030173905,-0.7200741917615772,-6.465499613477577,7.517778661717136,9.388323543387935
-5.119390540212436,-0.9312501995333089,-1.8853312834001579,8.441833361023061,-6.598676102835077,-0.7499567879703584
7.238862881935367,-9.707599301697968,-6.1496442958048085,6.705717678420036,-9.2478176466604,3.75773079656907
8.32486055213235,2.370277881189089,3.0382080801257216,-6.995226830044334,-1.2620297517533507,-0.390089657291417
-8.361019936047708,8.458636471348484,2.3085874701212705,3.392886312204275,8.26645060602951,9.392185821554325
-0.32687670810267244,-2.641989477549691,4.4283086653620245,9.181708280621962,7.671633968312525,7.831208470219629
7.666622313946965,-9.905872129311255,0.692865516604062,4.782218305281136,8.230154489771323,-0.7466470048576856
-0.43859249510182163,-8.129937753322992,-9.51581438525821,5.606044574222542,-0.3666787611156952,3.2566923040631313
-7.7799726690552395,2.841650518182741,7.659529268538703,-9.551789097916144,-4.600621104302272,5.64210257371651
-2.9530211766292047,3.545849554466942,6.07607163308251,-7.5612726974122975,-3.696534415489239,8.805195696755113
6.529489235359027,3.341440657859933,-3.731653893016258,2.5797808919420606,5.819825852289169,-4.0605407784368825
3.485558010105263,-5.071939204648698,-2.884156557040909,-3.1977466866608184,2.7871590014949255,-3.864130653128084
9.25635078077607,8.883378256115385,-8.312275928664654,-8.865556282265334,4.9146635446775555,-9.08565045178081
-2.3883836642394773,9.269446373872851,-3.2977939996775474,-7.460379415635437,3.946812386069063,2.174335198790711
7.788285395005556,-9.383821378909516,8.820585760351172,0.18781586544809104,7.712745319227214,4.937787120187089
3.9395420070836518,6.533902088902144,-1.6964868184283333,-6.218182347030465,-9.79143692202495,8.144759332309961
-5.113145920313251,-4.455501141414844,5.692678937816089,7.303526384271675,3.9259424240114127,-9.328936069600907
6.502015856057484,-3.847808873121097,2.0133747023373294,-1.4573023445219713,7.801727256450068,5.397418755221586
1.8243854789027636,0.21769846325554898,6.403276520496107,-5.367447697841681,0.9300868507318172,-8.912916732478042
5.344623748063251,-7.363529140881198,7.744095128913893,6.544151998540412,7.214616434692647,3.1117176231949673
8.509416915112338,-2.391243354619419,0.337518338345284,-2.093192932552679,6.157856945141598,9.188486315693796
5.163526946882342,6.55538760672955,-3.4935747436937015,-9.225649679324956,0.18609452771175095,-5.20799834554015
-3.9036870750456276,-4.97787883815306,3.612477585209204,8.968332412135993,0.5259793781986244,6.625173721816056
8.10703016762037,-6.382036169607154,-2.4539817372187223,-2.3369201635286885,9.427849699386073,7.107132006707233
-6.085637703955067,-7.922373469985589,8.692707109574764,-2.9743923336698375,4.583311184807122,0.5058725516713025
4.382405325458625,7.6306737339205855,2.907581117498901,2.6796216750120405,1.7489177410711787,2.9426486087338732
-4.08329313499287,-6.504010214946492,-1.9162768386611262,-9.215360068042816,1.2859276472100367,5.616546787301262
5.061877513346992,-6.599826930926664,1.727164251361053,-8.472545605645848,-0.14988426945886424,-0.1487628395276408
3.2505010598646655,-9.234231699364834,-8.900725765768321,0.11935004410047467,4.456985391416282,-9.909731916958242
7.099438125633865,9.023637387527856,-8.41493489948321,7.3439356599099614,6.764924864293751,7.897254873500927
8.256938087849779,-6.0038914714123965,-0.9751176924558824,-6.9113792484811505,5.843108687682079,5.404964661313272
6.143722571212791,5.054148833391576,-0.7230313109107156,-7.454089414228299,-0.8972620517946606,7.014447243307322
-5.896492207762398,8.451634882866703,7.042981041638143,4.217999393409428,-3.0797595819648915,-8.144804101730411
8.326350427724293,-6.879143270637562,-5.234918879697319,5.7961324618126175,8.066068299481744,-4.72516292505853
-0.9811780220142219,-5.146117187287946,-2.0694062703465854,-6.25245260910352,1.5916999725422865,-9.352451509247956
-7.936360094915904,3.032664281549553,-7.8060419127719545,0.7415757687205127,6.750558224064214,-8.037661754650552
-0.8839704473879628,3.5042996491337197,-9.435538693196575,-0.6402181079840408,5.706745136771387,-5.66544716395301
8.70674485591282,3.4091276733897335,3.895362361726309,4.472970130507905,-9.078314666633243,-8.733903842548074
-0.18445456495081558,-2.4001515080335434,-6.863291744041,-1.8717093465317336,0.8383245198651079,-9.134825808249063
-6.065916613367519,-9.015746144585444,0.8616915737207154,-2.1696048272944735,-8.102354589319688,1.009718537669595
-9.678923596325237,-9.90818413205134,-7.545580253836517,-8.124534083386353,-9.721053630112026,-0.9894815901385101
-9.224049812209298,8.77033625397482,8.068021925916902,8.092364925373952,-5.295647846602933,6.77621726136131
-2.1084648086643076,-3.7446691388471542,0.8926108424823243,1.645917542004347,0.9928697201486281,-0.8273900603070383
4.819596903094379,-2.6077714446857225,9.610722759409608,4.991576200354853,4.630302139313789,7.305622710327393
4.052936288339164,-4.44798147713553,-0.03690263405398575,3.724453494070983,0.6072628842515893,1.928285001026926
2.6177295258737865,3.9410353960938815,-4.243149356960139,-4.985217971661586,3.8423299758637053,-1.4797896565669633
1.8716593989567953,3.2549871051051382,0.46931853464882156,-4.19332983581163,2.9699242725805886,-9.422766123156466
3.066720611307936,2.112547002351235,3.4646567609431567,-6.405723921368005,2.673535404941507,6.349318472901794
