-9.7535903491716,-2.1634076771955213,-4.723687288221104,-1.10207129629325,-8.873335499925243,-2.4712704043090827,5.4510947174414355,8.863835045995192,-7.408998041497432
-7.81354763615683,3.322386343651731,4.943651478377687,4.930007915916443,3.262552308335145,-6.339293110681343,3.0260796968146475,-0.7814886247773445,-6.496039229907304
-6.511747081646366,-4.8634992455588115,5.621902731976213,-8.002295679884803,5.997102179382012,-2.725108707006294,3.795049300191391,-7.972888242379623,-3.7848826908775046
3.6436761256805994,-4.475224768265738,6.692367010539595,-6.103361856148963,-4.627373633169423,2.384700008895544,-2.388195944749467,0.4905434061343894,6.107441221746283
0.4957764822535693,8.625639038654187,2.8215057728535253,-1.0196630747692437,-4.960931608168401,-6.224167454652516,4.98946706360509,5.7873773661463535,-7.537362666030014
-6.04608532948975,-3.703263654252278,-1.1551128715753123,-6.930025619690001,-6.998979505590725,-3.2649018727289625,-0.7170333142283125,-1.4628431826372656,-1.9873156012543158
-0.8132902254772278,-6.890278156760115,-8.104200227445965,-5.040852608291462,-5.869561453887808,-0.8276865698690328,3.3016260614686788,4.801927716717456,-7.62182610873462
3.957558639047496,-0.05972573467482034,-0.4236488504192204,-0.36391137412089103,3.8047000951729615,1.4807490998835782,-4.837691691541412,1.4589574100076974,-6.504024346524573
-3.8982759035372694,7.42704928202552,-2.9706145472784473,-1.7937504856897446,0.698129049161833,-0.9427259088353979,0.5875836897899456,4.043196856553404,5.629196883093
-3.3215751138443816,-0.6781307141819437,-4.461256072336712,-9.567676224665043,-9.562455095907866,-3.8050443326605565,7.674615679172591,4.751736643004499,3.427679391490861
-3.921348615042215,-5.7298218855567224,-9.982040044333576,9.537427975277437,2.6074451951673394,0.8716545819903376,6.683585305832949,5.2505409450887,-2.4285482056125063
-6.258158750907283,-9.261469451911497,-9.067055151456266,3.4859642333331675,-5.102855210125465,9.149411078938442,5.281370857637551,9.4917699696523,-9.520024826205223
-2.814686088464675,-5.777625626445079,3.7310218368512693,-3.943197593053649,-6.371164402836138,-5.631474375607057,-0.17983879456678675,-1.6202867266177945,0.9644982088510945
0.8953878045735175,-1.2226702095276543,5.6875095259019925,2.298061123859443,7.656852836401617,-2.3457046126558745,1.3427909099209234,-3.317773137450397,-3.086728649911954
-2.873053590994601,5.595240982904959,-9.320849664374295,-2.308833801071406,-1.6935757370705806,6.287848383505123,2.444906675164462,6.0273727234821495,7.552425484886984
3.2412648145903455,-7.408564935446005,4.789445160168475,-5.088577279927335,0.8195108772676885,0.2435771678794474,-9.87274544577187,-5.063380836051117,6.880195035622634
3.9810646646768744,-3.539825356324602,-9.957490252197063,6.698788670762996,-3.5744892619817126,6.3160183357902415,6.839502566630131,2.4589659998597835,-0.2400271393958131
2.8252556740474666,7.219001572640034,-6.256543051693518,6.570879114186656,3.5225675146257474,-1.2538282742674478,8.950168152510507,2.1484912256033373,-7.834814737484361
5.408955196385445,9.847412557412024,-7.583950386047629,-6.848382150824399,-7.111672517800263,2.010856636833811,3.750430680079646,-2.584962336912764,-9.97467898847975
-4.032745121305126,4.498856253906545,-6.584806654636084,-2.901662521406252,2.5634802060771156,-6.405500130965766,5.843532421336848,-2.3325615725803073,-7.1783562522637805
6.446702720815416,5.347329308021509,-4.245402004389773,2.5706321578024394,3.771496969787811,-7.070310954270774,-1.8244233460394543,5.8790623785236225,-9.117134858470672
-7.389788551759771,-9.474856776292013,9.56875337121283,9.46421717202952,4.2201594952886,5.204982943889047,-1.9147373553008884,6.438558130215199,-2.016027506041591
3.475079537390917,2.2208674693678954,-5.821448369289142,3.8321006539700053,5.279261092228045,4.820817944148532,9.665264547327652,8.04519335821702,-4.70746606857817
6.732880545242614,1.3259399807913752,7.578957572309601,9.009327536836198,2.0254053275795902,-2.249529168354192,-8.702907277583448,8.440816977943076,5.0991791499505945
-9.1578990929668,4.276420600185286,7.2215349840795255,6.160087849181699,9.358461704120273,7.98493311893888,9.384309249835262,2.580159597127556,5.03620999376902
5.712610208222655,-1.2981416769797893,-0.8599341918793102,-7.3819558028718575,9.043189270753007,2.7324618406562107,3.040254891001426,-9.962482125606293,-9.32990236643425
5.440492625446018,2.2285987464410018,-1.7679827905846546,1.788418596857273,3.0661337134369226,-0.38957450122602433,0.6013284129976948,2.151678288550991,-7.3858693464562215
-8.308505374910098,3.1556828550277483,1.915743567492214,9.44703066028805,-4.847774750440125,-4.278981706056577,0.2697577516915617,8.641547822383986,0.22031193102567848
6.980164197401548,0.9873867097127498,-3.805953938022295,-1.7166190495245992,8.37236894384095,6.003017274047151,-1.602560750831279,0.8234242378923362,1.5165021412083157
-6.38725060534814,1.2560929426031242,6.687975301027615,0.028464966839165662,-8.360163769062108,-0.12357276097935799,-4.932444539794818,7.891943096795129,2.9907520639566854
3.9341337397114695,6.81549505811466,-4.56612472098314,-7.867846290488414,9.073599335381699,-1.7496444045016224,-2.6044036094055545,-6.179860132793502,-3.8988755115963714
-7.716452748636682,-5.991915273098531,-6.496688613764377,-4.791507967939797,0.049151245880447725,-7.585578531384769,1.1081140224660069,-5.680655114827921,-1.2693906530392862
3.5975243135236656,2.231496756988063,5.679775349380522,0.9416847101372983,-5.89094343206515,-4.355991230020837,-0.12832559252318188,4.621522139553214,4.441193891025805
-9.469242374601468,-3.50946720937797,-1.7930375036239288,-4.3741571104532095,-1.1212870523304996,2.0696130008375935,0.8944456590157679,-2.914458876106787,1.977861010920905
6.634717286258558,5.212415136589577,-6.312694313660645,4.4373471046577055,-1.4817117957569192,3.7043634399200998,7.645306178001938,9.111879194969323,-3.1345871368085776
-4.525260314923239,-2.110276420218682,4.634813678515348,-4.760130710271175,-6.194617327366318,5.9393318418361645,6.493859665800057,2.893583088455336,9.219103322993384
-8.873951294406208,7.259803228830255,2.2077918646238026,4.870011487142416,-7.367056368759495,-4.119005796421888,2.7423552896079517,-7.758864529649552,-1.633241281233575
2.288826550713081,4.626348418951213,-3.6520905532247605,-0.01872987015361538,-8.81331479353963,-4.359909221954926,-2.448525811500808,-4.412652259712262,-6.081795769146952
-2.5386384376199267,-9.259016843410768,1.5907624213007687,4.366882737396227,-8.025888337848803,2.0980447931107182,3.188107805689817,5.771939345309141,3.065373997895089
2.2832059329560694,-8.570393024021076,1.5861351146199265,2.643217391261088,-2.2628293830580404,0.44043043154409434,-5.372711288991104,6.011026600711693,1.697787693147157
3.7196945820272664,-8.395684871048402,-5.295300949182207,-3.995505513297428,-0.793771221384767,-3.3263178767050294,9.425489741787011,4.452636301228512,-8.157693944023247
6.551829628054988,-3.154349491194519,-4.5070633598309096,9.174000076840972,5.995930722807348,4.469982199788531,-7.173727755736145,2.768537906750499,-5.977784345662265
-2.7935149223763123,7.598853774957357,-7.78960158869348,-0.8982729182338423,8.377559142139607,-0.3316636805613027,2.0352115153424855,-6.730871413908313,6.299694062647885
-9.065030631533762,5.047776889975097,-5.893530374034761,-0.9078985885590907,-8.945718651811742,-1.0182511787022297,5.59763050556745,-6.40892723219423,-0.5924080751703653
-3.401850305181471,-1.7274129473131339,-6.282612779416885,6.60558086006497,6.038797731637137,9.052987810904565,1.7451461656986167,-3.891425523833565,6.778237347408098
7.644874046688659,-3.0292626785003485,-2.160667876292146,-2.1590629903527447,0.18453018122241982,-0.5851255618114726,9.806318768358004,-8.16561493939182,6.172661851055585
6.32231025425213,-9.450587727015447,-6.489249315136522,1.1868061109344308,5.101513594275254,5.793513486621606,9.985114302072521,-0.12628513417994425,-0.4361248891644198
9.589050594820034,8.132926212694143,8.629728116925023,-1.7665787574481162,7.471219558607025,-1.8942929362168703,-4.301644220669754,-7.302443352528456,4.327921494978124
-4.529906778041468,5.36091857838996,-8.956138836074798,5.587960415910496,4.53214789038245,8.508999795070299,-9.963054522953904,7.542169307073461,-7.106147806378981
7.720937580809347,7.2362840629845815,-5.8470442361386805,-5.935422530534971,-1.579952806012852,-5.73412023718618,4.754124363548977,9.84609801385631,7.055493785946256
-9.686411415562821,-7.595659640733543,-9.752951514262762,6.353135336969586,-9.050523553277793,7.172380964838059,5.025677320902884,-4.757924302719609,-1.3701672658022224
5.975363587139886,4.790263065053826,-4.021114605726566,-6.253687309017608,-5.672200522869158,1.0233107525642549,6.279680856511809,-8.930007997312138,0.008214548092015939
7.044677977281335,9.908752539347798,7.274251416468315,-3.5984700219370835,-5.958928687333436,9.307450856315715,-5.558410567488465,8.027398604824151,1.971940571411026
-0.7842787151426123,4.032049932586526,-7.071814332317259,7.524800150742728,-5.686968192511889,2.0049552664945547,-6.195986702714018,-6.744881841306663,-9.3154710644721
-4.483540713945795,-6.786772332207409,-8.131669055472088,6.714738233772217,-9.88780212655795,0.10561579295549794,-4.075114453295607,-1.1409039701911916,9.226143515877016
8.799526032754063,7.624964652843172,-3.3285667352337955,1.751264805088284,2.7964639841015093,-3.3826686491011726,3.6260563689764425,-0.8268222022399008,-5.735453853103412
-3.1272242007513995,7.085636965201472,0.06670265472529247,-2.2815589040006667,6.002814522410329,-4.096300644000237,8.971778176054809,3.225202189620986,4.997278351698064
-9.279508532124597,-3.555420483734335,-1.4192312547681118,1.3783276250942977,0.3572183022927833,-7.1148198566415815,2.5147623162177957,-5.7453315953997075,9.215470775678895
6.2656495454262995,-9.367378149725207,3.056948947386744,6.774533862483672,-9.707091871249688,1.5892118810077016,-0.8762746752908956,-9.694210428960435,8.762681469087987
7.8010950831317665,-9.244566734672668,6.127121401073332,-7.401974490552446,-1.1292200653912166,-4.721177595162898,-3.8569340885757875,-8.921534387064327,-5.557850627979151
3.076941216390532,0.05803721573904852,-6.423861280615681,7.757239771931688,7.861900357951274,7.147550153265874,3.303790563031037,-7.682849282200818,-7.8267845543115255
8.23544568684233,-1.110624624972465,-0.4128322817922192,9.033151092143495,2.2535836713998902,-7.0093434161369235,8.357510864296632,9.409038493357968,8.96181853055262
3.0216230810992206,9.61441567678414,0.740838500148393,0.2070656087969991,-7.160089002147496,-1.9645417825036104,5.704581600045289,7.381430374422077,9.433872273878102
-2.969305094660244,5.983046335706971,3.746935481532465,4.918230194417037,4.443292771696519,3.5876424631810377,-4.467506448175027,-4.54974174550526,1.677699892216853
0.5521552807673102,1.1550348039154223,-0.29163528409688055,5.720009096296021,-7.472405159547915,-3.554970183169217,0.31178737903565956,-8.042995332776233,-4.88775075978487
7.217753278731049,-9.974269812420385,-0.9879855776970947,6.653805329220674,-3.835999589630732,-5.994531165594839,7.270462781417861,7.8342240097722,7.27770557909595
-4.781745206885248,4.799969754480571,7.483917864039196,-8.059279204727929,9.578788869830797,1.6118062684154055,-8.544258419301132,9.107519459252359,7.304778284061388
8.781337919244255,3.115359096784116,-6.115206700439781,-8.265920380766218,-8.94555226228255,6.816231221341438,2.7087098491298423,2.3782183154777936,0.7839038201778092
-3.923887611760366,-8.395244183136263,3.960453737820746,-5.501001219089254,-0.957940917145399,-0.2734832826635025,3.5838989098286334,-9.161547882345701,-2.459640079009555
-1.1333626703935296,-2.0523282071504823,6.7474064333263435,-4.841697683627622,4.902300542733659,-0.5328529311456287,0.31084130182100767,-2.4135877058196487,-3.57573445221929
7.073352118352803,-9.698775447023522,4.135841515589558,5.2216949533941825,6.281675244603262,-7.0991926434730495,3.405478513791731,1.8303733019963953,-3.9473636956174785
6.933462366786351,-5.913756363830707,1.5286761475535826,-6.339794520514079,4.318468580288983,7.211974969127828,2.281385506183693,9.867681436954127,8.868284078157052
8.342220489843072,-5.869943969527272,-0.23271310799679146,-8.151016393107898,4.08402689152336,-7.085353972247647,4.952754055197115,-2.687662112853988,-5.484149467424868
1.332981508627562,-1.8898061648979891,-8.728375678519445,1.1686427109129638,3.305212336428951,6.597003973954962,8.187155737334093,5.608645642036782,-4.025405427239928
1.997216887511264,-4.501659059771184,3.300779645906109,8.690977906256972,4.216527010017681,-9.315275841581865,7.706709982633648,5.843047922441333,6.225443936847832
5.973160632026597,1.5536792685070955,6.500591100027018,7.940675099142174,4.2412353778624645,-8.57368095591715,-5.670522829952926,0.8774674519229775,8.99675160559225
4.1047626072131305,-0.22693725095131345,-3.3402466999725777,2.74113624562218,-7.862640434582618,-4.343108501119779,8.798413222477883,-2.1150803817483954,5.13943022850424
2.5816082599047196,-8.841893426884521,2.3255357384744624,-1.2373290913338542,-4.381166959174876,0.4629443201919514,-3.477787922084199,0.8013211922800623,8.020785800155572
2.8292368243040222,-1.0830757714502526,5.253314558966469,0.43053738693306975,-4.641257470830055,9.551814038907843,3.3533249483058136,4.945585026847326,9.518667376915484
9.21170173657735,-0.4905868425617843,-1.785083821829001,-0.7496978440662017,2.6957427652678523,-4.644045565518198,6.878315063116993,-1.9438411480427642,-8.228910631048773
3.16114342324485,-8.485775031666485,-5.239258725925997,3.126195828926326,-9.252632797844225,-9.515662029108222,-7.227280317036204,-9.073865629615296,5.572428597840635
3.449975372952734,4.975282758290735,-1.9540208376281831,4.848421264980813,-4.498213079901829,2.50015905353691,3.0354964950969765,7.965976710159504,-0.12140984958959766
-4.124726795612048,7.098771752613877,-0.8870264820398432,6.044160446337113,2.4891405668786426,0.029997422140544128,5.608520180353502,-1.8356821981926141,3.3442107603819293
7.719818007712593,4.3133575552901915,9.991449302593999,6.054409837599357,-7.046372877659611,3.6520434563161563,-0.5687658815232188,3.507481328519517,7.990473495893142
3.1799728182138454,3.759042770762242,3.900095224164055,-4.950692209394094,-0.06327470063004048,-5.029275664908662,0.6426994856786816,9.435368658230555,7.279601572741807
-4.820285892679794,-8.849405988574343,0.6966683247886785,5.928827757606598,7.606949259382041,8.736736141089434,3.309145051602671,3.4144201512896344,3.904009133789441
6.9084320815619105,2.3963515208168196,-7.933510123561412,-0.9138549604584734,-8.765695023346005,-4.486926695293773,0.9402193223109068,-0.6589139221535212,1.1367909667045506
8.525726075280314,-6.347579545601942,-7.174087683665638,-7.760331163668011,1.3212252784976597,3.604312483252683,-1.586831398344719,-5.075224381273715,8.602384531680435
6.939192876512077,6.677878233849173,-2.718776724425558,-5.074642025454354,-6.037394528054795,-7.147429379712005,9.641047450670266,-9.072398761011977,-7.925246615362127
-4.808163570945389,-7.066609897914353,7.151924533970584,-6.424288626678905,2.229847915517944,1.1360484473922727,0.7179387824343175,6.2468520065753435,5.84667201944055
0.7177569063456324,-7.368350553919923,-0.5279209190431078,4.680583242455965,7.12710129502085,-0.2121562267076249,1.3500179857449202,8.474526121679599,9.628720965145598
-0.34286784429363726,-5.992713863765036,5.648683654057541,4.122420420365001,-7.233144699759988,4.874941498165528,7.0390445673660595,5.2713650370297005,-1.3635373333243606
4.654120468447525,-8.519279958533819,-7.5496371656998225,-9.383268097441908,-5.588205880325978,7.609933002883203,8.20983592314368,5.937146986625135,5.838971204181735
-9.669735304615488,-4.582446626277585,8.606423644703582,2.11096947605246,-0.07352951025668686,5.65029253146033,-0.7322293114526701,-5.8620315034351815,0.8342078306633116
-0.01767331174008957,7.417462089100011,6.852682542995565,-9.328021158852035,-1.4966504769650868,-9.424816882057101,-3.3715568106801186,9.723121802458245,4.467946898507833
-2.395840231244788,-9.591071513974278,-1.5518910837205024,-3.3123874274020726,6.910596865988441,-2.2375482008389236,3.9122343733187215,5.59285055678,0.6530874549817689
-6.6409937008482895,7.672827786860726,-7.411189172520041,8.66563293809985,3.6149160484841225,5.8518888104354865,-6.190157877844857,-2.4871244753580757,-9.656255582550008
7.766194858497695,-7.026735439187344,-2.665862364431648,-1.0658985072722804,-6.203306231589449,0.7164692072205558,-8.990552363866389,3.6589040179431542,-9.997665458936106
-2.2752079284272986,-3.1045306851437404,5.5530472092686844,2.458722392455468,7.699807733135304,-2.9204363995492577,5.094685671213028,-2.6774634176677625,-5.386255519248559
-5.726290579224511,2.6718000603220893,4.945285470439799,-3.345137672821512,7.3103671819660505,-0.28387296956463803,4.131381984721614,4.32728202775955,5.83647816162955
0.7298563917975898,7.287774623900494,-0.9925667871013188,5.407626764176623,-3.7288704284280505,8.660387269117901,-8.968928498799851,-0.47221518009014085,-5.590587652804626
-1.785483255114979,-3.625718336118995,9.473037532254459,8.550942019025374,3.124036379045323,-0.15392071500607285,2.4817341763799394,-2.4649743133267,-2.9013133117861267
-5.859617636430832,6.599292023140261,-1.9714262038161379,-8.276853643009087,7.9894906426902,9.725837571508356,-9.56325300163833,-2.5823251050709084,-1.0004060252593394
5.3491687611488326,9.131242978016926,-1.0577959884111476,1.250778579835412,-0.18949432925567722,-2.5960572659724424,7.531835136121742,-0.8775086281658595,-8.298685441729006
5.767858763296649,-7.411860303563566,-0.47142102843764855,3.1962076152582064,4.841474811991406,-2.0686425014582532,9.39869265114776,-6.190421129898615,-5.536808977111864
-7.558648664878027,3.214492234712254,9.174146819822344,2.2155036413519458,-9.486572753956695,-8.212733660671606,3.458390949071768,-2.317608586688693,-4.889068660230597
-9.124556247129279,-8.819699466891501,2.414778515631464,6.359476501496197,-1.297338162863011,-4.180351656230616,5.945983433686292,4.636475688134709,3.08963007493829
-4.854362429736991,4.6991802614341065,-4.014018400142476,3.307044999583144,0.4618022573617231,-9.354178799778714,-8.957825382784932,-5.186918660984028,1.5298068849097746
-7.925643119038797,8.542378811949156,-2.956525483870649,-3.1954660232398613,8.905710094134466,0.9324724071981061,-9.61191556188022,8.238682917294442,7.318907231309105
-1.7284124480961194,5.596295171411199,-5.397360126645063,-7.944987464094337,-3.854395792723113,-9.490001817087874,7.710840814378455,-1.8639834521321097,0.33001184557060803
8.475502461156644,0.291575387684504,8.764497940087496,-4.833010653449719,7.334153713070394,-5.102336967270206,7.937813624778098,-4.127533702782193,7.433975845592544
-9.068831907945434,-5.336314062910789,-7.955738868839253,3.2127222485337548,-0.9854261982085677,6.909008025548338,-1.8378644213292583,6.041287733253489,-7.780171563620155
-7.6015327343700045,-0.455305848332177,-6.925788814234077,-3.1244915424615627,1.2943539175169216,-1.9687321560899673,-3.998524221511106,8.37741605007956,-9.860066112913646
9.614304968224465,0.6558225752108271,8.463349005104382,-4.1425811338565754,-7.662013338086835,4.7879043715856735,7.120573523217151,-1.6468222163435575,2.3954902698964875
3.728641891285067,-2.209811076986661,7.578295985611751,-5.453079537450687,-0.7007835384589112,-0.2880373543202652,-5.438748072206687,-9.968552358566098,4.314888969965763
3.7469042586735246,-3.6478315964421504,-6.094601874911549,2.0294225618676576,9.253376166593856,-7.337539382100684,3.8782205179046336,5.969298029697767,8.083231888343514
4.473753122164941,0.6566200542007095,6.443665132123966,-9.276846814789037,5.296471379714527,-7.200334072428525,4.529012855432162,-8.729097774530636,-5.22752006598838
-7.911809012504916,-2.175668904369792,0.06922888224967005,-5.8017989728738435,5.759767015916307,-8.051568287148843,2.3658923196065573,-1.0849439607042077,-5.551573497085722
2.781382024645098,-4.344495128586175,0.5506587875208346,-6.695926705514454,-9.072346121791544,-7.401608982565293,-2.2530554764418698,5.03759047075058,-4.925644883582008
0.11216263589511888,8.175583268163699,-6.326374514065851,2.8355932352952107,-2.6335064745543124,-5.276993565817268,-1.46529549863063,6.567656689100905,-1.4549149078358559
5.092291043392192,-3.693852717866102,-8.447315850024351,-5.557088224452135,-4.407449375950678,2.6173110614525052,-6.268049011469894,-0.2803610107093468,-6.376525589966535
9.513005671039705,6.787858860246166,-8.640275175082898,-5.06853581899656,0.07055233527771154,7.78273805044388,-8.957899074470088,-7.343674307135153,8.324426054103126
1.9375048215994606,3.9854856045693343,-2.472334870393953,-5.602243742342066,-8.289943260732231,-5.175833119198359,-5.179308121528012,-3.8437857605179993,9.608692855075436
-9.92444018545503,-2.359335656353534,3.2199519621200245,0.4427227702852532,2.5377621367799796,-5.3070174795884295,0.3151015633330978,-1.9233362179977087,3.4188520697404523
6.491110619574803,2.0278860333625803,-8.89675505097321,5.828833530915254,2.423026062966358,4.998665264634781,4.591147782544187,-0.16618187370063264,-6.549763729018676
6.460750783308098,-7.594675684638816,5.84753029300135,-0.10537703361621187,-9.519146658378537,-4.977912708408036,-3.4172300329941208,-2.5143741086771665,6.89713461002847
-7.3251458011535036,9.437408212436736,-9.77547306780635,-0.19515739146645839,-7.4092667565618235,5.47983150664999,-0.8625685904656932,-6.071709949701538,-8.161592698544771
-4.528969251510942,4.4337039269042755,2.491226657436998,-5.21429803704466,-0.45491952431439,6.70064080370897,7.719585130912677,-6.108682764770315,-2.727034430056492
5.176042567033237,-7.755586527652674,-8.552412688287703,4.336941542402566,6.823185611265767,-9.362338149703891,3.1123707136980894,3.393396325570055,-2.815745585477032
-4.725119806998426,9.254283948891908,-8.884486888099268,-5.540742774514351,-0.6653788950180028,-0.3258201717188225,-3.852676949119187,4.297504882486837,4.771347815610929
-6.3189592331155175,8.034085823936465,0.8320792173718661,8.83807453375178,-7.433197492025845,-1.3430718047009194,-5.918401401665445,-6.795671305952937,-8.336660480240417
9.480858104143229,-7.288829822319327,2.3872398151697682,9.07822279206811,0.16230171658041304,-6.721289779417541,9.241787012398056,3.137524860025551,8.574121702106986
3.9499998172403528,4.324184662097972,8.214832092130242,-9.808276904767439,-4.902820039109253,1.1822885849972953,7.170668176071384,-0.74003871701525,8.268807365250183
-3.0684323562671323,-2.8569914058664136,6.697970981203813,-0.8868739799822323,1.3770925147758861,3.5857233052592874,-8.278273260666031,6.64674824147939,7.0045260584060625
3.482732548943277,7.9171739877023795,9.466362605905193,-3.9673528792965684,-8.965192681095944,-7.05249868990371,-2.9957117727795057,5.200657878180444,-6.636457897729557
7.008104662749903,0.9129544530696299,-8.107857260133303,-4.763577618515649,-8.18184100239424,4.239352966637853,-1.4969555905033194,7.4201185925172,8.429866163891969
-8.687050598418601,-6.812251621504637,8.848439875709309,-2.9652708182249055,-7.203276993905194,-2.9802428931362934,2.3409521788916665,-1.8978692039811018,-7.5194378333839555
-1.5466936758669436,-6.992563600887505,-4.536644167144237,-8.236292650005716,-6.290235078605413,7.774206105651446,4.576677600158499,0.9092154231552452,-6.925792266197989
-2.890721555267297,0.9876995672088307,4.286470629528855,-2.99037551371107,-1.8467889731420462,7.11520567155786,0.795919883135483,-2.3825813840300736,6.669879713261871
-0.701456796735227,6.811542792757514,-9.248318894784877,2.5833415254562397,9.370754120921506,9.259327665425982,-1.6933933756165964,2.002951761210654,1.5661315253324748
0.08271797498383249,-9.21394661765085,2.6573022061009977,6.425644991385195,-0.834223668297811,3.447844941299245,0.3751464336564614,7.451475247198629,5.189073452473643
1.8281374982792387,4.469245285414938,-4.9297942668064865,3.7993724511138516,-2.7485750916833096,-4.235833287092577,-5.5459166582089985,5.1699534113345,8.244066414327625
0.5500961551637329,-2.003447133489813,-3.573021780191088,7.86971825071501,-4.607204359860708,2.7595655930069296,2.996035742194876,1.469324549917741,1.8576798207943512
-6.166218722517625,8.374258871510404,0.09582818879400712,6.677536004353001,5.0560244297559365,-1.7524764553996497,-1.5310644012984254,8.898235914076896,-3.6354234070725266
5.370000675912587,-0.30050784188244917,-6.88046735223907,-1.4023931020472258,7.033562230613932,4.001907983585444,1.4206117904872517,6.998533845410524,-6.746986224524072
1.4125771237860651,-4.339239431230011,-0.7761772252913413,4.262578288285132,-4.7385495758966245,-6.918241353609571,-4.718544434155449,-0.5116346740220856,4.055888780437078
1.2205380095907903,9.95292365647083,-5.981643319449825,9.73244757707315,-6.537908334202278,1.967365221462325,3.9076276404388643,9.40784024804455,1.6128679777828392
0.30341263863939094,-5.501187012135329,8.78035994049032,-0.9480547725697619,-1.9773370306790983,-2.0427736179080025,2.746897517080258,-4.408611146308273,8.705327098652887
3.773247220232956,2.0238234042335645,4.104234745342299,1.3150887858009686,8.478483150714638,8.73470846769462,-9.735695477361245,-3.975613018475126,-9.155161055588179
3.05213770526247,-9.386007826958675,4.527679270919731,0.9266671967963691,6.874191970812394,-4.622430590797968,1.2775981264321867,-2.8554411077574904,-4.8004842808839925
5.068647793268757,9.68993450826723,-1.779542149550486,-2.502189595248021,-2.266672933446219,-5.080361005746603,-6.477285033408049,1.5136528128063476,-9.926281729826679
-4.85624502336621,-9.121728965675139,-9.632366805908973,-0.7336268431590387,7.842419451808982,-8.3697734627994,-2.5726093384221027,0.9951152165586574,5.686358558548825
-5.772925326195663,9.699458522494428,-0.047458331543650534,-7.212695776269649,-4.888452321678014,5.114819884724515,-9.647791116978988,0.8694112232203155,-4.378980821930543
-2.1310250061190317,-0.5659470420461044,-1.520464212281074,7.471980795139905,-9.55139148411438,2.1926015053000802,-8.949847946769857,4.0273532541425965,-2.9738322545281726
-6.682216231257591,-6.064323545832464,3.2102798279826428,4.9751897278457875,5.534908954958235,-5.422693704998065,-4.519883778524281,2.2098575927034503,-1.9785902254741172
-6.056377029123712,0.4381217247122349,0.9521634335263229,-5.594944102231829,5.437102490470611,-1.8893712228777004,0.7151478705197944,7.091585162713157,-5.5520774517828775
-7.340618802169052,-8.424329545955374,-6.888649658484667,-1.8388509646938922,9.412519514537012,0.280376993088971,-0.015725189537287854,6.2772877375577725,7.238974599325443
-7.922735675864276,-2.714226857171742,3.5046549008825023,-2.6658471748872437,5.055796050389583,1.4589868141146933,0.21695501831517472,5.463575571958326,-7.756167505675704
4.348073847686806,6.004265188601683,5.334193498994209,-4.143787107896577,3.2935280176502735,-0.301958910289013,2.2903461362349575,4.848101080684768,-1.1981986668293443
2.0943262881672142,-5.1354175999159075,-9.91870149083118,0.43087597307795544,-3.0677563215661685,0.9194664429049437,-8.475112363676107,3.2280342035104725,-1.1639183956954557
5.431006366267197,1.4584700329258382,2.4825829543940703,-6.817653235361991,-0.5277919223080407,-5.883110255041803,-4.9249297170122786,-2.674027179721643,0.7802054659334923
-0.5469996543571609,5.874511688511905,0.42559520684112284,1.9644148973347897,-5.916996856500905,-0.8692917680620171,-5.201119874846092,8.135186501393363,3.9326877935500137
1.1139192318167268,-6.464363145505092,-0.3324559341509792,-0.19332681705297228,-5.610524631947071,-2.6356299010058026,-9.65121288252858,-8.095824962925722,-5.2790026237135095
-1.1223649947872194,9.001697775096343,1.502394028530989,-4.001195170994412,4.107915475870927,0.7887719490355827,-5.468715127659511,0.7993827824011723,-7.529943121721794
6.057597875861049,-3.348213070367141,-0.29163085136963973,8.714655032123666,4.834613124128655,4.737394604662861,0.7542337947463507,-7.092783196418983,-7.7007622520062995
-7.269565852338864,-6.7781045428327875,5.152793876555677,5.166656334864488,-6.766170166343441,7.939963799250089,-9.665939125933352,-3.7550955072792758,4.600071172347033
3.737469597693266,2.7958951596926362,-6.676297952322418,-4.314184636631748,-5.529286739215622,4.233587944945125,2.110462631027885,-9.445054771505092,6.89617910778068
-7.536662967279481,-7.210188508256669,5.873381714098411,-1.1839975011964743,-7.822904585277161,0.5431645326598389,3.114101189989733,-6.166092166641118,-3.6853679292404595
-3.819424778349323,-2.061675319613221,1.9035823973362187,4.698682465477337,3.7534305806866763,-1.1433632437832153,5.398912308025617,9.398781220445077,3.1187756482213813
-1.0563043997910082,2.407196573516057,5.037925583662002,4.406621073932396,2.220478603303664,-2.714292475238367,-8.43218843977526,2.9308992109558085,2.0306390940881225
-5.611257717629881,6.537773574850805,-1.00447874764517,-0.4519063027247294,7.019033208664631,-2.760075631277925,-2.358908122388257,3.5514371494653774,-4.7082305655116
1.9150183417661415,-7.135888039019314,-0.6645746766222893,-5.801655495393145,0.7344799797126056,-7.65993024461398,9.737330517990925,-5.7982902332213015,9.232737080517552
-9.532878603663764,-7.8966516556454796,-3.416423337566532,-1.144032484902291,7.624848965932616,6.030038106671727,6.761174900298787,-1.8763952276309337,-6.9752773084455955
-4.381287708938865,-5.7273530488368625,-6.361831406464651,0.6825571583216439,9.846982928438983,0.6424770827875403,-4.368951445062283,4.88920372666273,-1.7347931435033304
-8.074431398953381,-8.992726200024578,3.1547900861316824,5.796229057017497,-0.9899020955212046,-1.4172173552229284,-5.389043933334639,-1.813344544510136,-6.230279652132015
-5.408723491416918,8.077370562878702,-1.5139929021908327,-8.222979340385958,-3.7726596196757645,3.6409934027151336,-7.846225886067593,-9.369576532549559,2.255146484549726
4.278900964638741,7.658211815737175,4.0028304081194594,-3.646423999777486,-0.7848749134605626,6.2896286687885645,1.1973137151505453,-9.64051787424899,5.3042795244302265
4.560683357767599,0.7727615569443147,4.532357334691275,-7.82539542040033,-6.5330733185485705,-2.562796723103198,3.1361115043578502,-4.145521832801197,-1.8392264701912664
8.355586667568204,-5.454381142499127,-8.433507942716991,4.698412789546412,9.706248929711066,0.5519135817662613,-1.6581289003645816,4.997244085084114,-4.92415283991453
-9.378760677025404,-1.354515938206624,4.038743153806932,-5.287173063803694,-3.0914389481025517,-8.625100337685794,1.0352224706885371,8.98298536597258,-7.819944755189181
-5.82511647219609,-5.913118089795977,-7.556948879126928,-3.8587557141433093,4.863100178667525,-4.692617738090026,-7.529881076422251,-7.9191040440476375,0.8878397365964097
7.2781950520220455,-7.973923573818871,-6.1425759591338664,-7.967702844880089,0.5611004964388533,2.2240206004118046,-9.790322112325086,3.2126722884403947,7.651640722269648
3.031972347801617,7.632755184453968,1.7535052031009446,2.1792633780055803,-9.620352347863388,-0.2011897292089304,-7.908097687934177,-8.902905935877037,3.571962148440675
-1.2131461208606575,-3.4143160673813533,5.82376580811051,7.876585809327996,9.720370899265177,-0.007027480008248155,7.549156224231705,-9.124041608213973,1.9825812302003376
5.960106787193511,3.9991349731963632,5.965518850113494,-2.6849417854069357,7.995694180473716,8.573968724537572,9.845261362685953,-3.6321039854099246,7.169399891357806
5.566977717411287,-9.917793417230685,-1.04719877940755,-0.04149534400832655,9.729649737084786,9.939096427560921,-2.7960004156098894,-5.518624729458881,-4.150519391938705
1.1067527940966215,1.205905200407975,3.452537688784736,-2.032304090599868,5.545710099333241,-0.15854709038460202,-3.190057072895811,-8.743544968618897,7.051671643133972
9.67676898955997,4.547813659748061,-9.761978480908875,-6.855089816285123,-2.19281346297598,2.050336226936096,5.222685868453835,-4.9960010043543335,-0.8585516347556688
3.9259959586679183,-9.603892740295903,-9.93956532128818,3.5807641154370207,-1.6815785059132193,-5.662601288872615,0.860256097201817,6.49223286897159,8.180314081369414
5.453746046858196,-7.956980225145265,-6.020061929542464,4.9099937477759825,-1.8854390819909828,-5.561078178405716,-9.760029726132522,-7.77617875070791,2.232471722685856
-6.894274278672603,-3.618933737174943,-6.9874275813284825,1.21870942294664,2.5933339106724485,-6.295657279429929,0.6975322022593966,0.3692473852235745,-3.417587056458211
-4.605380675158381,-8.851953452102121,8.26958336383357,-8.823587822028964,2.2449029701682344,-8.783900294798215,-7.342060866884362,-9.064445878229465,-2.262141479992419
8.276060672667047,-7.255191140350467,-3.6261256419104737,6.1789631148165896,-1.719939473207468,-3.2061324105304445,-8.104001795061011,0.04910379727382619,7.248749687104863
7.9112691479853225,8.590014954941195,-5.885907510374569,1.4624999575122466,3.5223805915445516,0.23187731717933646,-0.24536853629586686,5.982809127002,7.2707157920192
4.861278790108237,1.3940349164753973,-2.1688765370647034,1.5479588479777062,-6.993803843285495,-1.593930159679653,7.888946217631377,9.855867635582731,5.018948256000235
5.140645608131429,6.300523483785834,3.8981012632898726,3.538340290413171,7.192871124178783,-8.673992910240829,9.835940513973203,-1.036286554870316,8.136100414447485
-1.0690533687993486,4.343771312933571,0.14546086109288092,-9.06109261435249,1.2434316338606277,6.237544457887971,-9.764070694544912,-9.501108953449858,8.628594389724046
3.8067789033540844,0.7898227036912675,8.625915635474723,2.5676716784866516,-1.0817605733434177,-1.6723902880968655,1.6855735584080644,-3.214844129573753,-1.275230975161823
-9.4981481430713,-9.020876447424255,-9.645146985527095,0.19697791302655476,-1.920616569160296,7.8599133129220045,-8.097047789863009,-7.596850315597261,4.735418164992167
-3.635461849125794,3.531312684246173,-2.8437217061873654,-8.436058238516342,-0.8136466793656894,-2.6817912362405782,8.326447662096015,-1.2419565614587036,-7.572756855996234
-3.396704303946425,-1.7604611509685286,9.908284420470732,7.425480771418105,-6.252428299785839,4.5310745304557205,5.5004684541584385,9.531911285985418,-7.577686457904258
-1.5903968057702689,-9.396822223377727,-2.977386661798278,9.256567800645092,5.061690961945027,2.6543753240105206,-0.615059094023398,1.0206877573002648,4.703121016362246
6.9516786600502005,4.738418485152915,4.906684428916488,-2.808298240148668,-9.257361683114265,-4.030761340682112,-4.148810125940199,-7.896802509416676,3.4290569880006383
9.609685349932931,3.3741047195795737,7.464404662896722,0.32426925126475936,7.7904480975143,-1.9861332655476671,4.310034651551384,-5.578880241853086,-1.6386800990435102
0.3248141163918272,6.690388171431351,-1.9364427552771546,-1.8989113814286984,8.528651062163537,9.859143898949952,-7.231182643238112,-1.508425839348646,-2.4663898170570575
3.4214766268990093,-7.618134337293525,-3.767547111649401,5.476805732513002,-8.345071875607813,-7.3397306111914995,8.942694039653077,-7.844498980745174,4.248659799101116
-3.697974573989593,-1.859369606089274,8.784053348467861,-4.946854622682464,5.215521817600273,-9.395856777105529,7.838774136205453,-0.06608630777916291,-3.19751572328985
2.6606893842581902,6.623157183489501,-9.723292124143903,5.503192685923226,-8.522266012097884,1.1632743885720265,5.014550014597368,-6.127323776653082,3.408543254420211
0.8258478887026399,-5.040427457962766,7.085720011794169,2.4476185666391093,-4.816841723654635,-4.356890574634324,4.7634060837907,0.868059955376137,-8.714993282809772
4.673450650625355,7.2657771753739215,9.620594195087833,2.199471879202499,-4.58072439473129,-6.305140723875146,5.0597440749988,-0.44495456509977105,-8.903250114559668
-1.9203379889848549,2.9076635100839088,2.397647455714458,8.61497557752094,-9.060251873739524,-0.007477925686225628,7.861132392338073,8.258036538332528,8.755947622425353
7.41852812731294,7.917220993591614,2.2295028185971955,-8.541887694313353,-1.7407009897001458,-5.392279598328216,8.42800973230796,-4.333634384155253,0.05576095838382589
8.036943027580852,4.283500656461509,5.772746196781863,-8.795071909022008,8.935939865458394,-2.211906488545008,0.21576940218764662,1.4216056393055299,2.8445330547070213
-9.972473145700132,-6.440228578225263,3.652328042756645,6.808115565045143,-8.741435139603851,6.155478115753576,0.15795048869523987,-5.645577118679814,4.9903070940136685
5.408259404958448,4.146151747943336,4.802999860097918,5.506116029480397,-8.378212697761747,8.4873668711775,5.9681131085152455,4.10074356601754,-0.7453796457963313
-1.1260650729410004,0.4685291964177485,0.36564625647053983,-1.7870768621417543,6.461534947012342,-0.016005496316151557,4.03602101361261,0.13220241109549224,-4.540808172144429
-2.707296975156148,5.74727767244852,2.0197275950196514,9.963144677702553,0.436191226505489,-2.43056831612519,8.77753306275011,-6.845193435045065,9.069435481849519
-8.55369587590401,0.31978919527078986,-7.687068541128024,-8.580310813461889,5.799906059763378,-3.72756100767508,-0.5437215605996593,-4.0663609992273635,6.656384052108901
-9.16270846807425,6.424468837428552,-2.8279709941180187,4.480175293713953,-9.031676448932856,-4.602934190339553,-2.8955016257546617,5.517461109744934,-2.1360386300014444
1.8841218174308216,5.17595583101254,4.938738380436765,-6.262543310735187,-3.6682158941317033,-2.220137102446307,6.351214431283321,9.001187543550888,-1.0043778354091004
9.013466987818823,-7.47219873037142,-3.871726181616564,9.76348678774576,-8.208286308378234,-6.3217726708142274,0.26056184666206406,-0.1256014175201714,-5.222088931043323
8.27151612911714,-1.855119871759916,5.825765244922918,7.89363990287722,-9.617137903455376,2.7561166397535986,1.4023843195660235,9.258629212026324,-0.5083451293645602
6.30027963488968,5.343510496109323,5.560089919283091,-8.565260105561535,-7.117796763723474,-3.084705247574866,-6.236310333100725,-7.950272892283938,4.447339738175007
5.140013970137558,9.235286832451486,-8.18366256367501,3.153864492504801,3.4016837589634075,8.452085867806058,-9.909627046724278,1.4205715660088258,5.510771279613104
3.960754760982579,-9.405638032950039,-6.456341136395931,3.828525318607441,-3.0108865966098386,-2.9685326681552837,7.024054897197949,7.069191865606106,-6.261696432634681
-3.6818222766520647,0.06471216871850372,4.416968025816774,-2.678957655810481,-6.754969720769164,-1.3003073408820853,6.037241016470844,-8.030405273790466,4.1272566090218765
-1.445233737849707,7.800027674096015,0.1330685440294399,6.927658660793156,9.950871770626437,-1.5404012241620801,-7.803195582780182,-0.4547588256018442,9.254635629147156
7.833483404912151,2.991060121354896,7.506548028507101,2.6657651317476527,-3.6656862734302775,5.165104710299769,4.2878945843364065,-7.628036007602224,1.3174494594197528
8.671321989334317,-5.778884477423181,7.769530697701381,5.338082587080453,-7.493155792123442,5.215882638980645,-2.190812704339169,-9.682267492835644,5.010830592927274
5.52589345819019,-3.737247961192085,3.346715146355985,-2.3106427857841383,-3.565901999296004,-5.770087437077822,-7.621040212418338,-2.8188018050115127,-4.896622181607881
-1.8208909752679148,-1.6061083827168687,1.3004354834692111,4.082843443002522,-1.2951905723569723,-9.416832556998276,-9.067421161922544,1.6870502273977461,6.371192232501722
8.817991533511337,6.374123731947037,-1.7971248213353697,-2.8201227944276352,-7.00330935300892,-9.272531200184599,-7.161786922433226,-2.9383619783145987,3.2034765872587
5.018287336651833,4.0440056895236935,9.20574122948027,-5.290590906610973,-2.785061112827032,-6.8743125435855905,5.17195762208412,-8.322417879185549,-8.125219844339437
8.428895069858086,-0.911676061932023,-4.477709219447348,2.6218584751032648,9.797957823383182,1.0665911063366607,6.337967703994682,8.712286934368745,9.909130063883156
6.26639184290418,-6.6260025675768315,-5.4485235108944385,-5.175784036646283,1.8736123051835896,-3.5941023987927334,4.843043459714056,3.0866398093149394,-7.466480442721561
-8.64549007350444,-6.187694843466378,-8.508874482177145,0.3159831622689846,3.1051933255516273,2.7218717502578826,1.1287715171321389,8.619961669026656,5.0568128220164414
-8.35456421629824,-3.5983011234529094,-0.962265341053945,5.709393298696126,-9.087781604330104,7.742096037350546,-1.4399142074012383,0.5410980883112448,-8.6676759276569
7.056753554028587,-8.895574066611768,-5.349350413531269,-7.806919063934828,-9.406082446295992,-3.9568346314577796,9.710621694910365,5.109390731906229,-9.421851810811182
-5.39356862093221,-8.846236159180744,-3.1320010515862373,9.271448933089701,8.598999682730229,-7.25737434987797,-8.835265732893411,-3.2850502788572156,-5.633331747065958
1.5836659447346335,-8.655418805752255,5.633247402367627,4.108482778572677,-9.71779248296681,8.76011345426696,3.628633378610735,-2.997836490584096,8.16240778894276
4.1627668450479565,-2.828733212326857,5.064771370952164,2.774969721641516,6.705308609381553,8.31982808646654,9.23654929046906,-1.6948153784961018,7.524628618776923
-6.9912626744199695,0.06527472989341199,5.004723537426081,-9.880291482964164,9.153746128036799,3.8211756627366267,8.079232359195743,-5.845258398720765,2.8767333082994417
5.865124099108979,8.07746635710754,8.530674700059254,-1.437634359542097,8.11158635661209,-8.23196607579758,2.3479658333992126,-2.6694404883995992,-2.034384743252977
0.9216661443606511,4.3594348245479475,6.761537795682706,7.178817160419115,-8.397310043701394,8.34607125758102,8.900267042753008,-8.484845085392902,2.200056667498047
5.109362061469476,-2.2106697726147573,0.9013495326179743,3.101422994241143,-4.883706869096754,5.228328006216363,7.047414849142148,-7.55320257808669,-5.316542006221347
4.561146450723179,1.419297564321178,5.069734407911253,-8.573670178551968,8.330861756218415,9.86202663027627,5.883012903358762,-1.4454006383738394,-3.8856571094768544
6.9050538505989945,-2.7898299795500137,-9.70567704766346,-2.7397461669971745,1.2353163128475364,-3.4619341590438757,7.4528978692781696,6.186958858680556,-3.364644967899302
2.1355742572734338,9.71844978110527,4.283675624299354,-8.254785687384254,7.580126786272965,1.9776186109306115,3.7136910599862882,-2.4833761492293283,-0.4936482227572103
-0.23165337662502283,4.275187505177116,7.206857032281446,-5.642878652320038,5.9065987063465775,-1.1154088190968459,-1.3949119925389408,1.3820769936599842,2.2439828897153347
4.446855694204384,-1.4269578405676842,-7.420597283971504,1.543920214761465,9.800919262439315,-1.7796902977729534,6.086611407499829,6.413306919199801,3.4698253788832956
-1.3509065362729045,6.033325852058109,-2.3573323360487053,-2.4417166973663296,7.172872173244773,-9.320346683186187,-1.0948332919509385,9.63485118687949,0.2237962926435677
-7.704172668905846,0.9535267149694726,-3.2285004987701904,3.1165823848954965,8.320763249594549,-2.9741818128270348,4.30854997940359,-0.17805872080012053,-3.958957398244265
4.864076011304544,-4.624480146025451,-4.018913193731755,2.116373811981387,0.6212405664775855,-0.8977760459721584,9.810363425541958,-0.14095824739774,3.8138741698803758
9.429868715717491,-8.992501384335593,1.961666385024925,-8.951776219061564,9.386681259248789,-0.33164747273447537,-1.1307808213239112,4.932093919470548,1.7622089198835256
7.0450104549276915,7.088779865017405,5.474480124262411,8.560919121379353,7.130865274948577,-9.943937493642972,3.623037940628697,-3.991061792847399,3.2006107622899616
6.1503147749135545,8.146647734121046,7.066284963915432,-2.18401687168142,-2.444418476573109,-0.9015134315749163,3.9061272803534686,4.490611480450846,-4.247302965062532
5.086271108471603,-4.559400186978988,-3.9986339769841406,1.9425034126668406,3.0002364942842696,-0.4625528291910874,-6.800620269273074,9.494421502454797,-9.364883251465885
6.946484771103383,-5.473277330990323,-9.80027241940633,-8.097930000984281,-1.4531775354765708,-1.120435461651863,-8.19493172384346,-9.99545882038333,-4.266222970313391
1.9542176621036345,-6.547164210660458,-9.906310211014333,7.181265972322426,2.7807140918140205,1.9562696145187863,-7.660245335459381,-5.432285284527712,-2.7285341650291195
8.991755477062162,1.1788166060622562,6.64459430264603,-3.294560163017002,4.6942286824151775,-6.001666380111685,-9.033916435501544,5.729956394893261,-4.053041676722047
-4.95902966333277,-0.7419294245053965,3.04201836792815,9.404110125904095,3.475905555764065,-6.702587598537502,3.4419262257534133,-5.327803289790651,-6.86438657655038
8.493137717634319,3.3495251697305917,-1.6171396883515476,-4.69321038451681,-1.226303788702774,7.768274860856339,9.160693370600551,0.02548313052860296,-5.443624718869103
0.6311596332743208,5.205944415466317,1.0175117593927574,7.748841358962164,4.862097641160512,7.382808554620786,6.351174038690557,-3.086384041869432,7.511947764254579
8.359373617148398,-6.489226994328878,-8.662402424877897,1.6690589850618442,0.6039937737262369,-5.598189624287548,-0.09392828868400427,-9.48093683238917,-2.3502226184324626
4.356943519189349,-4.278442905621138,-3.1915971621044026,-4.5923330610964825,-0.48601008414722147,1.58553467751684,-1.57925764920541,-4.636382189634447,3.8757378049473568
-7.6996221665246045,6.123613089237578,-6.67967112496445,8.096101967217734,0.06625539870708463,-3.153216929963749,-5.713697637119872,-5.226488225904449,-5.513703353044845
-6.600164060030281,6.140951710146611,0.025223783358450103,-9.503701848427209,-8.814308393213624,8.933335581807693,4.148754199137137,-5.822071986941593,-6.88469514440593
4.833773828918995,-2.628615153767766,0.5320267935286527,2.629306988348281,-0.228770682714885,-9.958729536660869,7.940974043724127,5.561683629245304,5.56354959950605
-6.389643232065385,-9.598328544150911,-8.529895672360412,-0.637428742673336,-4.626554503881762,6.326129380419301,-6.8948096535043435,-9.51009506298272,2.269198934443286
-7.663699773787438,-7.52466662418279,2.7775235274625665,9.220552120954284,9.50959546704108,6.135732232797699,2.138187726526455,-5.007473677768424,-7.353214036879989
-2.507492466415413,7.7193361373872875,3.472986878277542,1.9622862311875178,-8.394687985752192,3.323316815131838,0.22165166219567434,0.9715583773388592,-6.566244440421425
7.9202682504349875,-8.699194907767762,5.26938352589839,-7.5623635814596035,7.306755822302861,-7.324659574222611,-1.9750862707537964,1.9503793963125937,2.5080738407192005
-6.644465579030419,0.4349878119892425,5.644942729228008,-9.695405315722851,6.746734195182571,7.1122563110626125,8.643626600357122,3.932003081651323,3.4066230686220145
0.5962706624281977,-0.7310086115712977,1.6503300220166905,-0.5159461024831113,0.7835669019191704,-9.283350645830865,2.840502221596113,2.3713333813125903,3.4276352680190736
-0.42017183764500254,-1.5096570701258938,-1.2197021665163477,-6.237398589940191,-5.296553383274327,-7.5243679632389915,-5.19023517525407,-8.88547897226777,-9.765200397031803
-2.948859025574748,6.151943868033875,0.7974662033538404,4.052229891017845,-0.3937478776761938,-9.375694586093818,9.339218827781393,-0.9462034975323586,0.739912516376231
-1.2407657309248954,-6.924069117396192,-8.442600443024524,1.7707540300469482,1.702054657290386,-9.744359368052237,1.6191569224300206,-5.038513392753745,2.203591197235002
8.457450221593533,-8.60805671372987,-6.538949939643719,7.515201960561453,-8.931023294381761,5.014546279475665,8.84475338717473,-3.8892439484133945,-0.08519955077349595
9.380639363569156,-3.536422881044572,-8.06156410152684,-8.136346179975778,5.90005770178567,3.5558128766163066,7.840551829761299,-1.4076132412297016,9.594919618397276
4.969720844919124,2.282725717688201,-6.391318529628858,-2.790594670026818,-0.4485271075026298,-1.914779568709688,5.920932592162822,1.3494937982101018,4.008926231396426
7.57219452707327,-5.573765174660763,-7.086953449312123,6.2479323155280415,-7.466800838289296,-9.754378706719605,-6.526974487067938,-9.832272235988844,-7.341755743616254
-3.917508154909448,6.4929719853697465,0.09948329895665298,6.879400518946004,4.472552154820413,0.502899950632012,5.595076206358998,7.768850575580524,5.225028868780422
2.2697781648438564,-1.9104689633226934,-5.261757706892318,6.085126393083479,-2.5350781957796675,3.706944851923679,-9.760211670766433,9.27121427754355,-8.398778364894753
7.433826465610396,3.5901675836289826,-5.203155976793841,8.942986253279768,-5.787274032665759,4.2080240134244695,8.954398207386781,8.481620462036496,9.036580110225804
-4.414766912249773,7.2885716321433485,9.75531351114882,-5.946618851791811,-1.098723951290208,2.3717627054994272,-3.530672838424087,-4.62920655197002,5.141912415520284
-1.1696475646682014,-2.534026680675736,3.7993111134114543,4.977138051294244,4.945247911516573,-5.625981822602812,-8.464072068557973,9.730968693799358,-0.03236037366844746
4.092650343629403,3.5998111065732696,0.9642869342044103,-4.666155391300664,0.6378944439684808,-6.76212603441154,1.7024545565596694,7.077223142732738,-2.632940533997814
3.733699864708566,1.35829432845338,6.237594178788246,-8.118638848761424,8.459375708047547,-5.5616311500887505,3.4912398916508147,9.183555167443298,-2.578908817436054
-8.397523236196813,-9.915035459694653,-6.911574523597761,-6.731821365375119,-2.8334659903254455,3.6703647145728535,-8.964310904477976,7.179103565043841,-9.63882067054903
-9.571354792223985,1.4219111024379782,8.168795388020948,5.349832284267766,-5.352150522184487,-7.05902515016559,-3.0355836386523705,5.621658197146235,-6.0470813617222525
3.960536187306112,6.227353159521027,-4.0486298358953725,-6.253238232679212,1.8130518558174935,8.843216371140755,7.792408694779061,9.623564138314094,9.494990624819348
-3.9737928056736105,2.2319219996881867,-7.789093303820174,9.382709899787304,8.121249281927977,-5.853999779183949,0.34345975967513986,-5.736805734094417,3.752303240883532
-1.7153549653425548,4.719342963018811,-4.977543510592395,-1.909011244576777,3.959249474013722,7.926655595468743,1.1436754016141482,-5.193935634750179,-7.11776603902357
2.021691992253589,1.1251948933942013,3.3539425901575037,-1.7612444042837083,2.1646721442134376,-7.301853255943822,0.2369460030120618,-0.03816973060171813,-1.5298357578192467
-3.887452558714941,7.921298690890721,5.815321758563585,-1.512641752025008,7.7197535865738836,-5.579334139696095,1.2940331601390542,-3.5212013151033283,1.4395978465252979
9.324135967893817,-2.6072717751196905,7.391597610286809,-1.9532650920705352,-0.5986852643993723,-2.608841754858404,7.733674692733046,0.8181026183271678,-4.494252606340585
-2.2155623398270796,-2.8797104315771205,9.160084162229722,-7.683356653488628,-1.3520794601211517,-5.026101336457074,-2.8308348515490622,7.153075934989939,-9.368989006561197
-3.6993635512119805,6.723977799451286,6.862200617009824,0.33620494238900456,-9.9303462873068,-4.411469167924502,6.850581948598031,-3.837352251302384,-5.917026408962647
6.326658626790831,-6.300618844420169,-1.7426595298951653,-8.020473095395893,9.48071171151635,-4.625219663102095,6.1662385803280735,-3.877739940315934,8.598210535296984
-4.862177981664648,-3.03108842626461,-4.138663785922292,-7.679174660288741,9.979604495429967,-5.038255957062921,5.970399690050588,-6.949379892550791,5.2154367248995985
-6.757476677349583,0.9931498296887264,-2.2028242655769636,-6.245902167543937,6.384868266252468,-6.068282346320537,5.9302862536512375,-1.4129421765025496,-3.065117265584465
5.373588344147295,3.7409517434027495,7.072151923630656,2.0077090992710023,-8.371951866368727,-6.8850034196726035,-3.020900954463921,-7.43599923046395,4.690679356832561
1.985360667835998,4.822987083737942,9.084596722044155,-4.103570081560468,-2.1110597084686744,-2.2641294708597592,-3.5832321127865985,1.7988382144747739,-1.8124040859984003
-9.970782835263133,0.8786546233261339,9.8526029305321,-0.00018511803474341448,4.4704265296642625,1.5064389522221333,1.6890885829129876,-1.863740465193009,2.069964023392772
7.750088314658248,-3.725223102038544,-4.891764210990979,5.202819207922675,-9.348837654551598,4.068742270723826,-8.710621559691967,5.4023336734644705,8.371891982070554
-9.186552855604743,-8.901646880612716,-7.74624150851106,-6.502253079773017,-0.43538981121533205,8.628803264422746,9.666432342335634,0.278534268147681,-5.417240689846259
4.55669981952656,-3.9273955896671597,0.8885477930622732,0.13583537876598495,3.6561212243578267,6.182842970550142,4.035456019559502,-4.402536300875828,8.276372654843858
0.2228399297780892,1.3808445665555835,-9.289642503659202,0.3237433780922938,1.9465365905782916,0.6180636699876474,-2.9794270793832456,-8.091730920284109,4.029684259309394
-5.157881443770702,5.081749351581706,-9.295094251687054,-9.686348721099128,-0.6287011113094776,4.706889159009502,-8.947698882101182,-5.895614812777263,3.668910009179296
0.36345141416458837,-8.807520058640318,-2.8154408229182692,-6.909141058219115,6.741685783595008,1.4843457282747474,-5.631397130968658,2.8803600219129954,4.545859051671113
0.5579981811793688,-7.579245835096849,-4.335935918175149,6.612406368850488,7.530607530631528,-7.785423837508669,4.161047171768287,-4.4583660089310095,-9.167435848574158
-5.491777056157239,0.8310914242204781,-1.1913751890130775,2.838450085360371,-9.031858747099866,1.6484265691044664,-8.789533287790457,-2.0789972282592517,-2.6472981615782265
-5.29335043277789,-8.089721101028884,7.347435496780936,4.975417597237659,-9.390504491065599,-9.142479907604944,-0.12354775716195698,1.3514717945934462,-5.563827973000215
0.08975806622149252,-5.500575086400319,-3.878939139232618,5.0889099135389415,-9.888575913326246,2.4129417143424536,-3.0105427824939768,-2.8535584050393648,-7.170908731869146
-7.0646205132401345,-5.265655633885052,-1.7395912118516854,7.9079382976553685,2.626569402252621,0.7929916171890539,2.7018185148405993,5.948991801295483,-0.30131150807438445
3.5336042734827577,-4.387514357162101,-0.41615507914686933,4.346404227571066,7.474701785771581,-8.87027399753835,2.376018306317087,0.5842928736165565,-1.0865805915435733
2.3259435615379775,9.54370662173546,-4.613471908786961,-4.019097235955906,7.511289250603195,-4.8021655955204885,-0.42335849118960933,3.3611200938054453,2.5175942333210655
2.339499024180065,0.47374288988884183,7.532152809208985,-0.1290645300857851,-5.509685084136362,-4.084362226040403,4.06581630756031,9.58810260614721,2.2626603641687404
-2.131966039496025,-8.754783736978439,5.5113084649852695,4.753529612947429,-2.8462917678315702,-5.215268679490417,-6.875541436140655,-0.4951901748763343,9.150878378325395
-2.7618550194940195,-6.652695700328504,-5.781705052971063,-1.857618504016254,5.777052790018726,-1.6231226499728901,6.785759040608122,-7.128485035372821,-1.9615289680924142
0.5741458301289604,5.266572844458497,-7.516473026839701,-4.9942722404822915,-5.5875138818415815,4.793283907074802,2.635521398386478,2.440623608493999,6.623130654345488
-4.876327476465308,-4.263873784635002,-4.955616893598666,7.635305362234817,-0.48354162384977917,-3.616079205808651,7.007855511139274,-8.820453035507965,-3.0776031645686164
-2.28130656819185,7.198194618605857,4.524364730570158,-0.737141224998914,-3.174256362592396,5.6702780107401445,-0.9973954578343136,-6.266786837384579,6.337134024482038
2.2414790046359845,-4.987839571658547,-5.005110033583431,-8.620816863956186,7.399578050683997,-1.6459295209669866,2.96087423138772,4.093181073390076,-5.8180219310353465
-4.508058012394825,3.012605891332638,0.13907055552795144,-3.843678056947888,7.033745572700831,-1.5497662407693968,2.4627506222938167,-6.562640086479751,2.117601620427174
3.285450784721331,-7.371269223342329,-0.4175767574062683,0.8288960960665159,4.31669665182987,-8.68114316871442,2.9049514771206653,1.260685714609302,-6.180849028138075
-2.970561619004415,3.149338841052942,-3.2773447214800266,-7.185138961488178,-5.455480622407767,2.6688973627835844,-0.9425825555432721,6.55323156753592,7.3220121905473
-5.379068472229354,-8.891745828163627,0.6109751518644768,9.255898356190361,-2.391859145432662,-8.38399026535095,5.56822524824248,0.6073877295958319,1.1972454460358706
-4.293659380788537,-8.892556777925272,5.541086571719567,-8.452388981947133,0.21516152954133005,1.459605992725348,-7.545205039580085,-8.92484291784923,9.965345447758484
-2.0249587610239717,1.584001818826195,-5.483690930423187,6.37991991562896,-1.754844493029477,-7.746985468452355,-7.032520999031475,-7.619269647002794,6.831306238306585
-9.386213135873735,2.1769691479704956,0.6419906113824969,1.031959186106901,2.8500433033677597,-1.1653325701322914,7.274580645355253,4.52173731905434,-6.995546183854491
6.62661236794849,-9.568368260225173,1.4009787012256747,-3.0399972821480703,3.413100124163091,5.374153398270369,-9.170371498214083,-8.197957851676925,3.452229645008862
-7.429288042541344,2.3261620144315565,-4.288589658024254,-5.959430002198271,6.109928453232795,0.10195874074421463,-5.350339367697199,9.321724705006453,-0.9483799536926019
7.7035856085638255,-7.194089290110086,-6.3552651072884325,8.996168708140209,0.8230086639490786,-3.8878192477181273,-7.078236387362806,-6.054246202402687,3.82669929931569
2.716810158565557,-6.905909912286212,5.3250502570560005,8.616661946352586,8.823610548258332,-0.09233091903409596,-3.0980450529258974,0.18505062270128603,9.246408897556035
1.1613252287765796,3.938951189153923,-1.3646306946716114,3.3757034897269866,9.427748851141686,9.230904519044206,-7.853729743180615,-7.993906350130164,5.812166782336792
3.398572127217201,-8.549903863241642,-5.988121517783984,-5.6036094274761545,-1.2455371356431533,2.8553557684116737,-6.303650753034544,2.8385365899316395,-4.533584493965453
-5.440004184305007,0.550330610883667,2.5051159614997554,0.7786303502415537,-5.338159250131982,5.013315927505211,-8.090274130118843,9.820897064111062,5.176495449993876
-7.519540238396911,4.887224487817026,-9.365524113957287,3.4459176073825692,-3.091282571450449,6.854223652387534,-5.337968231500765,9.864507951980123,-2.8938852992101816
-1.059551084305539,0.9524001919974179,0.34889644387084084,9.651985909196563,1.5976838756487277,9.361033194970343,6.305753500964726,-8.977892315268718,-7.239640009796931
2.3083861757369006,-7.3322970750649485,5.319041337254897,3.9416121995948306,-5.667444736995584,-1.987969972703425,-0.7447043140092591,9.513746987914669,-1.2167814295946022
-6.501329317546776,-3.335911230502413,-2.0887745115379275,-9.47548022384038,3.4092525452920586,8.626864091743602,2.8840929993902753,-6.722085050049085,-8.604292995639696
-1.2061964726941121,-5.963532554158421,9.674801455002807,-7.570478956558051,3.149840538134967,9.720683689235711,-7.914969226881972,-4.5201807232478135,-3.7146655453114685
-7.660084618801308,2.236988156973918,-7.629196058446448,8.168559255303649,1.6854488733416484,6.96459569036648,-3.7230385130556387,4.499560744522797,-3.867625887262165
-1.5987787542361054,-3.0512422249141458,-8.53640515968906,-1.6352809127446144,-3.973049872084553,-2.8955115105005347,-1.2338568821844542,3.48254702742806,-7.458182606023334
0.14246313238285735,9.843508290222518,4.530063471792487,7.653539041946513,-7.890531047794063,-0.65695036622196,5.510299813916236,7.931143712687236,2.7623480274459533
-7.171962645752439,6.181566403749585,-5.7105196938414675,-9.612386385040423,-2.2708349548226425,3.747155839430676,-7.77336273120749,-3.7945635406181144,-3.322771564953646
8.901177621183841,-6.9272674469748114,-3.954075411337059,1.5124237446613287,3.3705455831737563,-4.562548121920571,5.997460624551916,9.008919231767681,5.50099421143673
-3.6715555509156106,0.8781343882512926,-1.0203673891825393,-4.888740752452052,-3.3381106820669193,1.4772839811159177,4.632472515063906,6.573062298406609,6.7494375166932485
-1.4983481300147639,8.616556646359708,9.525287112106133,-0.42803222228758653,-7.19129594367401,4.375267339896807,-9.966049352684417,3.856395463525264,3.06800474023887
-3.5534094755389756,-9.748256039629506,-4.087103099222153,7.807307890502999,5.929469682152506,-6.848211964240196,-7.334007565460188,-2.1174345485142587,8.891299143239738
7.122461949356856,8.276652466386892,6.919721959808807,-6.73871106701712,2.3832392220170084,-3.2382194241711804,9.892964224312198,6.927280618944391,-4.7810484871015575
4.049930403201049,-8.472350356432997,1.8723265760494567,-8.05905395408504,0.7979748605913151,-4.604764843443554,-8.912409618371138,9.68852808102534,-3.1362507937708695
6.966012227667595,5.201482905894556,-8.636436383341701,5.821449021466869,3.577839443353321,-7.721589280761041,3.703204566620968,5.405021504899475,-9.711865674087655
-5.468288217907247,3.113096742775181,-8.592818123951186,-6.893262380872942,-9.674176296193316,-8.626091660652655,-8.792862578452787,2.2997869124886083,-1.2561316700554692
4.858094306979215,-8.579787030457835,5.030142554220958,-9.584367006989575,-9.016744735942613,2.157951351932186,6.667345540054994,-5.238022247320644,7.487068997304727
-8.400924796025507,6.223617895411568,-9.193859400940077,-2.6402657134948937,-8.773479070683933,5.992280831965275,1.2405988854562033,-7.574538664878842,4.521688598972542
9.911176724956562,-4.76075558178608,-4.393883033087082,0.8306927671937059,0.3023727771539031,-4.183818680848517,2.777964411888998,-9.38639711051231,-9.415000774287506
-5.522894088069037,6.694807929861488,8.305029568861904,-2.7855850232290535,6.218119710188965,-5.796186267597571,8.60055401027112,-7.402546360192943,7.421749400212714
8.939164956724017,8.504236048282255,9.273104276768525,-8.681857832120588,6.48445392990962,-5.326618503577727,9.14037053105002,-2.2977595855214017,7.63601280209333
1.9136260491842405,-1.4204864235535863,3.838290251915688,2.598501154935917,-4.058799921402212,-6.59118765142882,-8.329137792456201,9.313957915785764,-5.847801256227456
-6.932231170276886,-1.8363142657519793,0.011635433238583737,4.758303859873092,-0.16238952855190725,-6.290294645528352,9.856654069851068,-8.673440182650932,5.796032634784907
-0.7390525564251238,-7.186390326955077,-1.7121765971226743,5.65942116412632,-6.418178825201862,7.720051097853249,4.167480774654237,-4.292961067845922,-7.291865471060214
-6.520889314965322,4.03847100100929,-3.0300552069430653,-5.227823629759538,5.313586344441852,-6.754333792838398,5.411004587570389,3.6703555719853043,4.097423833860954
1.3961449101112944,5.315697627326072,2.728700712049239,4.141333746788327,-4.731291051445683,9.094857682783562,0.33214412823633355,1.9571639531753804,-2.7756058446913423
-0.470730300215616,8.090918052920946,-5.040284019189148,1.167389586628833,-5.54779944138059,7.170033097120159,-4.194169059197764,-4.372246827898527,-2.9857753600107317
0.6110041346067119,0.3543209399178737,-6.678435408509918,-6.70986082841166,-9.392989826515981,2.3455729184909857,3.8648760037370633,2.3074543905668476,-7.621827374500045
-8.240678972315486,7.932980232277034,2.3430316969519827,-5.665364309292058,6.027474673988749,5.414685634859495,-3.165785596442814,-3.2165226734434116,-7.136121757016609
-2.495187215292516,9.9178416947681,8.29833915388506,6.354392742553832,8.719494797101397,-9.039108326384177,-6.692087247748402,4.500402285189544,1.2760949110605702
-6.609323957795807,1.1795275393044036,4.025078274301704,-2.78542873391475,-5.071309417601347,-5.3593928436572424,-1.9370346036250252,-8.988733590216462,-7.384600024724048
-0.07532641476773572,7.1376618933724085,1.133959852813442,6.386313522777853,-5.520022791100166,-2.8494720948184593,-4.798079560551587,9.143973631557278,-5.642619712119585
-4.545421823664606,-8.133435484272635,-5.840193803403366,2.444677461923641,-3.587632497803188,8.147541867377825,9.7474779309469,-8.004321412888338,-3.8859566403129286
-4.877550065398113,5.247283710420438,-4.91876713992065,-4.836508189964817,-9.057446943923296,-0.5179569153504127,-1.2718719191827699,-4.334207275325673,2.1128326697792854
3.4948041544274044,3.716143725391239,-5.715635702736237,-5.8780320719256824,0.6670860707275383,-0.7997967460739308,9.675413251021938,9.272617608929682,-7.49129567814629
0.6833116573758113,7.148842921315131,-3.5929862439832583,-4.619274766935253,6.049343779797427,-6.367427626848688,6.320488630185359,4.307574321791819,-4.9124059880605735
-1.578921585451467,8.837463515351658,4.2933970800993375,4.942301139239833,-0.6225402111158496,2.668215051145617,0.6315473621740564,-7.5420728614955435,-1.3606392775157694
9.646158318925874,-2.2309921232395302,6.297836303062887,-1.0820028284716354,0.5113660896298478,-5.897306941632763,-8.835411447917439,-6.9192169168244515,6.909031534521716
8.154621412491824,-8.322535486116164,-3.493033426480827,9.25011047441762,-2.7819901881908238,9.663708321509247,4.139004761667691,2.4548477435264027,-1.1459260017343098
-6.498215473013338,-5.631265599541271,4.818740379717559,1.8214711937040318,-0.4165668691369273,8.956283993887206,-3.3737188786334027,-3.3819479682455955,-0.3616240055086162
-4.374229194186783,2.251263105718009,1.6109320263115734,4.59066925376286,-2.5610855345423555,-6.969186623671986,2.1235227612473984,6.4435079290466195,-7.12372357798216
2.876834670994952,0.09318600231332352,8.286339617023305,-0.6416200281172513,-7.564396125321293,-2.089705464738165,6.693206646039003,7.330114900518305,-1.62988377249359
-7.464698930818425,5.521077505635885,9.977295679816232,8.139397430047921,6.997816934170844,-6.63050874694089,0.9818079169851801,-1.3773252249366341,6.43974198599045
0.7911203700500113,-7.756401867818552,0.7699460617257126,2.4819055620013564,-9.754697729802984,1.242781966695945,-4.855743382638171,9.469294647093013,4.716571713057398
-9.18696494630948,-2.8252789342874474,8.669455633219588,9.567500795776267,7.68806727694793,8.451217377705486,-0.12288286541709548,2.7096542362083986,-7.179718425862108
-3.5190808763892445,4.399328631804151,-7.064728868807608,-5.885261262517911,1.543996383812598,6.576380090978304,6.770663856568708,6.476333729592765,7.396781185969006
-2.483179023657165,-4.330126904374962,1.564680129980467,7.0326475176709335,0.7993227270642023,-4.605444079376579,7.143864633862536,-2.0641459870060253,6.325778294492128
2.7637827562954764,5.01774329330577,-3.3004170552525602,8.221035448340848,-1.411819364740421,-2.9898166618844613,-9.531167306702466,-3.869887161652401,3.831380468939327
-0.1305908000393563,-8.201183931442879,-0.6768311402591021,-8.803652894882543,-0.0001931114639375231,-1.4060474765276298,-6.58655941725266,3.251556966030289,1.8825669767523068
-2.2631726227588844,-8.392199063357623,-3.40875389608728,3.358690218344571,6.307384493333135,-7.259865008161688,0.46898941360888236,4.705754891351033,-8.520886705534803
4.680283296920438,-5.76687318075745,-2.675599855518851,-0.2943027552421418,9.164959629326638,9.918117137354256,3.680206238553889,-9.263959686448162,-0.26073108096302366
-3.7120467533455748,9.48210220180883,7.628827795756847,-6.453115674811222,-5.946217721054198,-0.3600323292210095,-9.351873736663297,-5.337715292312925,7.368830996920472
1.8516327899833729,8.1743791576123,3.327877820259586,-0.6726131227887588,8.057995001359386,9.760726024753978,-7.993036680761858,7.014356241381046,6.427496845472527
-2.010170799802493,6.484712665258618,-8.62303139938231,-3.188779487938198,-4.817093864938055,-4.080068277432174,-7.985127910527183,-9.896837291257503,-8.110195569703274
-9.814300550718782,4.236235554171126,-7.300881776624195,0.26334827230110935,3.7931828939429812,3.2550880514082636,7.153564810983573,-8.889069250797792,-9.439786060247766
-8.788161345481297,2.906764619239701,7.611647645572209,-1.7282755015549167,-4.081651294868067,-9.86275525980644,3.6073664136330463,-1.888074671374258,-3.209301405732232
-5.866107490964964,7.469915519572538,-1.552361573350125,5.123696524955443,-6.383247404251198,-8.840337848405909,1.403588937650475,3.3963514115276006,-5.858538531087431
-3.6511449480564084,-2.747068105946975,-3.17192144887229,-3.6501491873534175,5.493446636438137,-2.4099007908250836,1.0832621722394653,1.975276100330663,-1.3252813827247256
-0.11642479293923813,-9.993977595943399,5.978532204199805,-9.556253484433322,-8.667240643902298,-4.273943931036916,-5.914827221318298,6.643158698159364,2.2159938902068443
3.999645101004705,-9.1603195283019,-6.68883728686817,5.187941609650402,5.945205529176631,-0.6908797474703765,4.162065293024451,-6.320710915100207,1.6111089898053765
-3.1547156233608997,-2.001973976343816,3.534887243363529,9.091758385421437,0.8875448517574136,0.025963891184970223,-0.5484489370307366,8.87400790535783,4.70580333573646
-1.616646089948428,0.28756188652256265,-2.9092485882887775,-8.122420272419017,-2.858547323455871,3.7339278838020418,3.384366888888153,-4.321035050109172,-3.1540048873709225
3.0907061143045267,-1.4613693701764552,8.765537843778976,-3.53607731974823,-2.454215127134587,9.486107871175523,-7.8455836264289935,0.6594324118087358,5.215219002406357
-2.239286543822996,7.714850483669499,-0.6440769262618029,7.147083412783328,5.37017549904874,-9.445922091185574,-3.683764849401896,4.624362248815834,-3.209982320856204
-8.629920337523295,0.23892051829060845,-6.491800137858943,6.026739239647458,9.553226784577458,2.609439221422074,-5.747409319718915,2.1701550941987025,2.298545169893942
-4.2187308554722325,-8.066262985736829,-3.2563438879109396,0.6585484633333927,6.655102598221103,-7.177671618811732,-6.462268037074268,4.099683468810706,-1.0882977836913077
-7.442522524010913,4.554704332191342,-7.392065188730932,-4.561432771195673,-4.416096738545223,-3.4892916856858847,-3.394744475025686,-5.685578762981072,-1.5619890552057591
-5.340586227032185,-6.454341116687205,9.09448474399084,4.2883929200029325,9.749186180971865,-4.117555338097008,8.892762186812746,-6.3364111437416515,-6.663590699263255
-3.5966346702003094,-9.056849250875768,-3.9612428311624215,8.867095537367174,-2.5884861177709517,-0.20800018852585866,3.0016850060037004,5.475370030870517,-2.6398296789102904
-4.454844661007944,0.9841240549653985,6.602642897799642,-1.3784597080745686,-6.7819547891424765,-7.451856723583217,-4.820024860566758,9.114602725463673,-3.055039022276662
3.5410293031438966,6.004593999307435,1.9828231072874747,-7.233824868907854,3.4799046613747397,9.041866308768231,1.5987850063938613,1.0395906014523848,-5.329173945124279
-3.6351354779383427,-9.812208030852966,7.825601558786348,-1.990294854808905,-9.293549302262825,9.11947522945267,3.0139644204615457,2.6055058461203506,1.9859870226519005
3.4260810325106394,3.1549074798051646,-5.870806033807849,-7.370710198546733,-7.936026205602456,5.640299912731943,1.3580106979322282,1.2646938619775594,3.230036660067095
-7.398789993391639,-6.4268689847657985,5.216334308229518,-3.4551998870083778,-8.970020699496255,6.606670658909821,-7.3984883104374415,-0.9678554256317895,-1.8913591144935826
-7.36807616098913,5.737989002941699,-6.240913312773366,-2.070963227020579,7.849324105945357,-7.661813547310626,1.835663982666369,-5.1756633310322435,-5.888821146173424
-7.505234578452549,-0.21230113341729862,7.743422900758707,-0.9605231780955625,7.388148092953735,4.3886817448906275,6.015299080528306,8.469357529710525,0.06319864713501433
-2.339731457000236,-9.26969471115221,-0.20732434354926887,9.775033661348694,8.603697640651705,-2.9172860032747194,5.986703624299247,-9.772489201296061,4.818010490695441
-5.543317983056603,-6.701053252739147,-2.372645239569895,8.696483652797017,8.69812158175205,-1.4067563004060668,3.045532786509413,-5.15541066634412,-4.115611318074155
-3.4468608604570194,-0.5996647794817034,-6.309093348908538,6.730594285821365,2.2117546364700402,3.4365927870136836,5.497908652680918,-6.451259338357438,-4.956755296336568
3.865145836305761,4.911751680218428,5.734808694847255,-6.230296461810525,1.8883095029464747,-9.21887460682871,-9.700136729835586,-1.5264698706888735,8.680895511189775
-8.314299673746458,-3.5282178641700046,-0.2002119782318479,-9.601139121925428,5.326237506129421,-6.9011983155270435,7.877474968265932,-2.8375799939840474,1.710570371776925
6.05001391454995,8.438166940425642,-4.647190600002549,7.967487789099028,8.43816532686218,5.176054143750875,-2.7928722777756088,-5.434358825682597,-7.057758853503826
-9.054639830288945,1.0934578782681625,0.5644894078285256,7.495476814601174,7.036617634369746,-3.8291193149833047,-5.239796512049932,6.2699346068752355,-7.901178848193709
4.017597037206722,-8.015744645608581,-5.466851558435087,6.278916911609063,-7.984735497137336,-1.159091237723735,-5.752759028283105,-4.613021207480578,8.653449171423524
4.443150142421097,-6.208206539010077,-6.32057001160808,-0.6214837996671863,7.937462995946882,-3.7134130112560326,2.3991579925386564,7.020896844373048,-3.698956840726668
0.8577763735823019,5.119758937192207,8.279225868743119,4.0283789050400625,-6.583006255201765,4.67230042627262,7.10544651143125,-6.580378925347747,-6.389255687417064
3.877356592829375,-6.5654129459530814,9.718170451903772,2.7347189045774645,3.9915112436580924,9.730619418275385,-5.989225600605852,5.388086417686726,8.385285505664514
-5.255834346592019,-9.90264746641228,8.18559283932468,8.129615818386338,7.723764731606995,3.835697341741904,4.080002853142089,-4.65106785474857,-4.069017337529102
9.203174851356303,3.219332047078871,-0.5874754725021702,-0.28783961023912896,4.668559109464501,-6.370881910612136,-2.34561581174056,5.913442346291764,-1.0403250592534774
-9.198701834335472,-7.533115689682168,-9.25597552389986,9.472819132709303,-8.0777828409476,-5.931224688847747,-3.03528705691422,7.653313606618648,5.635683761825641
-6.13009048438637,-7.360915226043341,3.8135717392638124,-6.132084291411742,-1.5661410300171918,6.129933284064071,6.39045258096197,-5.657178074613141,0.5435403578747877
-5.246949641207732,1.8571824510712887,-5.972518584725108,2.1938809429025086,3.530289339283228,0.9162853400744653,-9.833699359333622,0.41025684619183655,7.394148903747948
6.511302655191664,-6.889046850992456,8.958066922496581,1.7991278726893145,9.089560118877287,-9.231058473654732,-2.007691171857342,-0.4215144568514839,6.9330129236233535
-1.9150665425196944,6.984737711873623,-0.25676916368378544,-1.6105591390077612,3.973587643336236,6.660508984936763,-2.6014305689700956,2.759247314666231,-0.5207300142705718
9.91712475717457,4.0096164184335015,5.239490835511573,-6.839523601194317,-5.755321371732471,-9.912536668714086,-0.0810126321667548,1.9307647251990256,0.6616271648724936
-3.230575302508256,-4.197758426582667,-6.628735444801217,-5.516078928574548,2.5825138811081527,5.955818789326887,-7.176307414443006,0.5065410016479799,-6.871892960316441
-5.243185808946727,6.184917333658926,9.503410245525787,5.355661240227622,8.448606621617374,3.725290622262918,-9.808606436222236,-4.1755183023686975,6.867880158579909
3.548576451888026,4.875871199635295,-7.726504639595442,-0.12869956683221995,0.28177722271252037,6.087780047935336,4.226377299157306,6.779960355475392,0.35283928314563173
-6.766577059375958,-8.34027453874414,1.907319888194714,-4.331946425086739,-6.422653691848669,4.55814940093714,-5.548696034732732,9.865727464288538,8.20743297681489
-4.085561508627952,7.578407795546815,8.697620355276168,-2.3988020079809824,-2.6407595625892766,9.042516267550818,2.439412328531554,-2.758774233489103,9.440518189248728
-2.2899371203924535,-7.648617676474434,2.9030997781572987,-3.756880169034238,-9.387842340733577,-2.518244196552133,5.13254105243348,-5.045847700534982,5.258716033224593
2.429356899216777,1.2117123825089648,-4.074761543710766,9.093238871271447,-8.26368733983966,2.3800404177608114,-5.726808434321271,3.5532810228824174,2.4473603165483726
-2.0274998755709506,4.217498803162334,-9.662335613971909,-5.082808712313485,2.892359664443833,-8.134112392514101,5.277313852084173,0.9384952729462182,-2.6317070479935945
-2.314771538246203,-8.163088740873711,-1.6776577679484483,3.459085978459633,-6.640071344080427,-5.763902220725788,2.120612742435768,0.29084179664105925,-0.6087871940006195
2.127794671639973,7.791669252755737,-8.756751853791725,-1.2484826896376267,3.1963125400599512,8.326114030207645,-9.807229267809527,3.114696941192081,5.358536575797888
8.518516552191883,3.2392924499622167,-9.347475066858927,7.1677029961903465,3.688173812616471,0.46911796511964754,6.153187919057177,-6.776602186809222,-2.9685612864039457
4.467448164510306,-1.2329665164677506,2.967557958022784,0.7095736638773897,-6.110081671109569,-9.076096201266113,-0.311449098704506,-9.875270234546969,-5.59185787875321
-9.757420406584508,-5.9538030886113,-7.583295481256678,-6.071527647345061,5.253359245413471,3.5650943303503713,1.3520504702591207,-3.713766546560364,-5.557301316447938
2.607433251998923,1.3637783179132135,2.518842763751661,1.1227987898489222,-6.575048612318264,7.404621207402709,1.3607979283971927,-4.7308919572720765,-5.63730532589984
0.6757920753048952,3.4338600077132875,-5.6532127082601,3.200143301580227,2.542914343500249,-6.449698095012115,9.971651874919266,-6.66201629607823,-3.4334632353123884
8.861270108796187,2.073076021389302,-7.081964365957312,7.215264285998792,2.2953787432138606,-7.047195711824747,-8.20292290750153,2.8237823231293246,-2.7837158980850996
-0.6453247065675383,4.727861072621565,1.2788063096086355,4.45063169685302,4.5085547261705194,9.30561660785308,-1.4809306185444204,-7.5499305675379365,-0.6644932776434187
-5.404538525920273,2.3913895732212853,-3.3086692695678943,-0.6108237286457596,-7.769617987170774,4.184606504890487,-7.38451188833023,7.7233166632746,-2.6260279867798086
3.4443499333585903,6.6921518093694825,-2.7582515487458736,6.49880033246127,2.4349440450442272,-7.425570013052756,2.2132660347052435,0.2822597940691507,0.9261522178807802
5.203588203138327,-0.8803274734270183,3.1963905033659845,0.9987333214800076,7.542843450621803,-4.977818810581143,-4.035659865259009,2.6360033231932944,-0.41856949378501707
-8.856076088284475,-2.367324099578094,-3.682864615456478,-7.067251280954736,-6.455020658925741,-2.520054472737605,-3.4334388644449843,-6.682329501707914,2.186650396099008
2.1075852567551134,1.9143131184357398,7.42565351591643,-4.860862382040388,-5.944420407577047,8.814335038131006,-3.431375541314432,7.872178546057029,3.802496085989817
1.6420836310465559,-6.36956090252527,7.912594401027084,-5.094546832575926,-5.861838976465139,6.342215471269876,8.170136400491351,-2.2769574609291565,4.698135356708873
1.383928278361446,9.209503221273403,-9.499145246860582,4.214208188917832,1.197036976073893,9.654040243086794,-5.986520449527221,7.133342499342725,9.881639893145845
-4.998003755050922,0.47116875343643727,0.4182993625755915,8.059765754254009,5.667843040960186,8.036781695574089,6.427445993769998,-9.067096029399808,7.207860103659865
1.7698086204208385,4.11626315867016,-9.448284593154314,-0.993595295758325,-4.162235012403888,-5.897094218386374,1.4434466320150152,7.624294959640345,7.7783099270293405
-6.042440415208876,4.808136407877878,0.6269948682458004,-3.671646174112828,-7.214579179329499,6.037383465118184,-5.731792781346449,-1.4358406872702356,9.564385915372588
-3.767925390349265,8.000659701544787,1.4495004462764083,-8.559073387117788,4.607303900728894,-1.2997824649976475,-6.914829328698593,-7.682619680888254,-4.375810388312605
4.249455109124545,-3.097543479934255,-8.758358768435016,7.41886630503749,-1.0222473295470103,3.9137570652582454,9.84907999169395,7.217330264069011,-6.377793963898959
-9.73810146162325,-9.69028934303266,-9.270019266069372,-2.306290831137836,9.45363631786896,-2.287991327386083,6.565612608623665,9.16694499299046,8.02453263605522
-3.061954541630918,0.8869412031234014,-8.97616812372554,3.268333613137746,3.0738676940424536,5.996883383331966,5.440690077621482,7.56712347258728,-8.073904102973886
8.180921528225777,6.009790647023509,1.1315603088734094,-6.064610902420631,-5.0236140345503415,-5.01019815989852,1.2845912174022844,4.16808966918917,-4.118620168108212
-8.726442102951816,-1.7538565467483869,8.15488964520725,-4.915169200899394,4.002018791388062,5.2055451378574125,-9.46835230346519,3.4077609299199274,5.603323879911148
7.275640171820379,0.4787057730755673,-6.679769825745316,5.354490102243461,8.249672570488862,7.925282596220356,-5.753767746103353,-6.869878867536395,5.459986931688016
-7.802889793100807,5.41046165500791,-2.7867509809783497,-5.796681200702139,3.472844107746562,-7.6417231694313825,-7.3583807085830255,-2.466530616674787,8.85992417852069
0.30613058107205937,6.6328166424491215,6.5822632562064936,3.8977893522719853,-6.179950300636106,-9.45044734724399,-1.2989619765639704,-3.617926741944084,-2.400641603187814
-4.24388979741283,-7.149287436372389,-9.297875287800704,5.423650621998906,1.1126380178377104,-7.657715335093718,6.669797414954868,-0.5627740616998489,-0.4446878337593607
-7.240649804840473,-6.688143078539801,6.971542192241702,-3.052967836031162,-3.1805835065727983,8.976527385753704,-0.21151121550470942,7.771128089335731,2.4988494676104978
-5.896397253579389,9.567048913848804,1.7024276638907931,-4.515955291517808,7.333304497691449,-8.018231357594152,4.632348498972824,-9.180385220583604,-0.08552049761473945
-1.103737034474126,-3.468011531793249,0.9583703828693713,-8.860032545590872,6.5071410309203115,3.151126682246055,-6.5261940914107335,-6.973915050702059,-2.9407582754325157
5.9309923390041845,-3.664975029441475,3.4686407852241152,-1.5176205671606913,4.1242298330955425,-7.736931596192753,7.335035490123094,-3.772293292105673,-7.127100475275694
-9.622722656897444,8.644955702689705,8.59043876247787,6.167001292218441,3.939445381710036,-3.015772947228681,1.1348564563098207,-8.81624556263853,-0.2772055142688501
8.312682564386854,-9.869409137830845,5.423568023361145,0.3622196883249629,4.411238362179926,-8.561912524529005,8.970239261021927,-5.160786292002499,-6.150787099229094
-9.2433639545441,-2.798946313815649,-0.8379031084640665,-3.619818620625268,-2.233907706889089,-0.3380797336777208,7.621731213797059,-8.199356831868476,5.606342484245945
-6.942831812517019,-4.8310092494580426,-0.3237282686242904,-8.825180368857898,-3.7763773844015414,9.822072620286955,-4.746632014535472,-6.5296380932214255,-5.618112893202758
-5.713287703349563,9.358471762919411,-0.10547099307362862,3.7155643437169594,1.7396448488023508,4.363831726384153,2.750992439663049,-0.822559176683888,4.994790334980359
8.785892533461636,4.270193113079812,-2.7919181058299536,-7.826773606026198,9.624870788860044,-3.265592500879908,-2.6577390455299943,9.974012951220875,-1.6489017283347573
-0.5119650884973348,-2.6233831284510023,5.833346448755425,-4.892826607624325,-8.600248331442089,7.34469001044209,0.7750862282381732,6.912620075277431,-9.484364415079192
-8.405412421205456,-1.819627383649678,1.768809228055921,-0.7020997519158989,-8.054086316062046,0.5200614122126623,4.828264581316944,-5.662508571159597,0.9616084620433774
8.659832560715717,8.234891579291393,-9.93698695701629,-4.029370966473871,9.586960889326377,-0.2692437861274599,1.8314863737732812,1.4359612148990175,3.2470805015731297
5.677812423167616,4.003198917386152,-8.833621338285983,-2.975978958203369,1.7056280643601363,-0.16143581134960838,1.627402870632828,0.3637445836934705,-5.687632055232732
4.515577063058204,-0.6126577796157995,-5.843266227265705,-1.991403783764969,-1.48720425045489,-1.9468651306903606,-4.965354871220216,-5.634090133045715,-0.7725081457940464
-1.5987000942294571,-3.452142197734671,-3.206606291332723,7.909400609872557,-8.711440278533058,8.925291870209788,7.38936350395309,-0.015163037530125933,8.36065100366948
-9.172008555022286,-4.048723475590037,-2.0713955482144897,6.897885715491958,-7.851117488588308,-9.463676399379452,9.008433054744655,-1.303767425986564,-4.957049714484915
-0.23473823455048004,9.34155173761933,8.266492276749437,0.8438910661372878,2.1106313540677335,-9.246060532035445,-5.0964771591211955,-5.649962535416295,2.0807815321996115
7.957542816586511,-1.6552958568364096,5.252107640811767,6.637990481744483,-9.596589260588289,9.658768871169404,-6.7426026659997955,0.3181283214245001,7.78444061547132
-1.0212931498145394,2.0077099332304726,-6.219899557675024,-8.94199876554178,-2.36977566954901,-0.01932348038914622,7.844408099152378,7.745985434496547,-3.171877791883173
-5.968461536839351,5.76376566319476,0.42898464910501755,8.121887559037543,-6.930668549842287,-4.543521544592939,-7.20831887223321,0.6649483742630458,-9.631714450733778
2.4074683345803494,-2.214603789002625,-3.2787662435458187,-5.5558739925176415,1.4245286683837932,-4.3728550512562165,-5.427175565270792,7.484659551494913,-6.4514377889279935
-3.739307686826785,-7.117873698232231,-1.323061237066081,-6.168772761617706,3.104770797909928,8.440713954350915,-4.257551743900267,6.999878895662595,-8.585107516606525
9.857123592996821,-6.482260134267279,-7.123917199646854,-9.312286078406537,-4.3854314328471,-1.3275438726704936,-3.9909246349048755,3.5591728178340265,-4.622957909095209
4.883607728622918,8.081226753463689,-3.1101468001238586,-4.324959314027157,-8.471277237428383,2.465103816689367,-8.645934643935927,-9.807194433314583,-4.092274954928953
9.38592638049402,-5.466487537548623,6.376979780479115,-8.228749592688626,9.584624586621167,7.487422367122695,-8.2246644546796,-3.539171051308845,-7.678754638243475
1.8977270846518213,-0.056047318107226296,2.9103680582149782,9.881452886310925,-6.643848924984215,1.4653899580921603,3.8487744162584026,9.020314094698158,-1.2772795140872995
7.344667836424703,-5.625202661191109,3.1932971016485467,-5.342124635944252,-2.321166757767572,-7.149745991295758,-4.711105041744965,-1.2742401170286044,-4.675075680844854
-2.44772462472294,-0.8295451668308096,8.032177227551836,5.26336880872095,-2.202713964883589,-2.553029028197884,8.052309198450342,5.576450355246001,8.855592506688417
-8.256844225646105,5.159938323340607,7.907703881444275,6.911583394544058,-1.0362400944456196,-5.888473106817996,-2.267073861741573,-2.28012061850684,1.6216010368338618
-0.06903921576818517,8.300100050298946,6.836040479980863,2.7544905131252984,-8.217417329221153,-7.073540862506382,-7.158453299672387,-9.477834138847374,2.713104842541092
-9.78969847085931,6.403747030748814,-5.070314941092544,-7.695760499437667,8.840889218875922,9.020687746235097,2.1514044241047525,-1.1446238300601475,8.826908446575192
2.841803134069889,-7.503467684929259,4.162845008972091,-1.5945181197440372,5.803042788236161,-7.589925245433453,7.622066396897038,8.706875826521044,-5.119692994953915
-2.442074875212039,-9.305542829070175,2.261297283793662,0.13181021548261063,4.967799955385768,7.848578816323015,1.3344481096090144,6.565683660297736,6.862011979911968
-0.35710454147813486,8.419299473025625,6.328492747382151,4.728559860924582,-7.690711862129238,4.913106442225155,-4.724540118709113,-9.354149397661018,0.04586248243174218
8.930715485056187,-7.623933877347215,-2.7883326048852686,8.614707271735455,-5.752651158591622,5.449022896658562,-6.284498681722033,9.951054285881868,4.471540622710259
-1.8046052030988702,-0.0004915271049243941,1.2992129936690988,-8.615797503852587,3.9413496770272305,6.965135225325428,-2.9483257913280325,6.224691655433007,1.3333953389456332
-7.991078579603384,0.8451283728626158,8.743314422893722,-9.145896062463393,9.553291196196323,2.3479089815790055,-6.948607206591079,9.287049193606677,-4.892928926978386
7.744133002971956,-7.502273329999063,2.0432253773489983,-5.667969480308477,2.6550125673245306,-3.339777978445202,8.962979289527041,-1.6076747536345937,0.13023347015986175
-8.847019915049524,9.553688287712298,-7.058700011890537,-8.34554019519723,7.4348982353393005,5.840466835267906,8.645386871874477,0.07763762675628394,-9.93578039792586
-8.935933420058715,-6.501575916666167,8.928577970235203,0.9481570247846371,-5.682918245612976,2.1162872674081212,-9.38295042660325,1.2003638645018344,-1.8600486808787897
5.534431122327499,-3.908351443430451,-5.098577850092367,4.812984430569416,-6.028253470706635,-2.245106191288846,8.15397561203008,8.706058676895656,1.992184940867432
4.164192609679458,9.810939650460721,-1.5709640680455195,-6.0803250376471185,-2.7006475854649525,1.4437112860269519,0.8874633141612875,-8.073804056123661,4.445376042363909
-6.6495564086877685,0.8897377069840329,-4.085047847025307,3.530937302108763,-5.138172765039604,0.7058948258754261,3.693017399096874,-7.720361623535432,-2.652109026837035
1.657122275418379,0.7444589500756527,-7.922130649629646,5.947625134055478,-7.156625053630079,9.565972247608006,-3.859804264957092,8.472680034296722,-9.055789607455345
5.3728332672789,-6.154166697764525,-3.3951310723172323,-5.64699244551335,-2.439124740809504,-3.28356255686165,-7.5572585122051255,-9.282573497914047,-9.069946831983152
-3.7430040386345076,-0.47174639504687477,0.24713558364306554,3.5258096790223137,8.487666401281684,4.979144839655603,-3.8787385103337013,4.774943925259468,5.8383950577708905
-7.708591064756421,-1.5099440412253218,-6.113898725424642,-2.8148077308097297,-3.32460727544998,6.778007100118504,5.9709580902400035,-4.859066200633377,2.6659765384257006
-6.098336746501028,-0.5051996198500097,-9.259441550957972,0.6514948127079512,-6.222275048545056,-0.7124556977583474,-0.6313341767696401,-1.4011980728426887,9.054693359001691
9.023193740777248,-6.761073886902786,2.970844864210176,2.3073746082680513,4.500844658625958,-1.7106104718551118,-9.844152858386483,-6.340615575084712,1.4657521796630624
-7.628358000431852,-6.447854891908335,-4.9496660771739265,-7.197780865670939,-9.421663040571044,1.8820612949005033,-0.3673681622590075,4.83633434735167,6.104151999343605
-6.1564908557788245,1.644476867633815,8.526726580753225,9.479724401002205,9.10881489112738,2.531661500300759,-2.4919423315175937,-6.485586467242575,-3.0179022883173046
7.419631332859591,-6.447437711033841,2.228176237845443,-2.1273933476352336,-2.292476891640336,-3.847148189223759,9.078800067300241,9.061233455362522,-0.8418527687879007
7.43428533147636,-5.0026281994463435,0.5790668999378834,-6.427964357975187,-8.897572300159307,9.184798783397095,-1.854507170323909,0.9865390853850675,5.503704994247284
-2.0643204033449614,5.098989688253321,-8.810160134965157,3.84392865344495,-7.529318294033313,-5.664723629636324,-8.730229678452826,-5.258108955360972,6.226434027248295
9.858584386628493,9.437057173959467,-4.366085988343434,0.43813755087288575,9.317866823733858,-0.3693778072501175,1.5129470643009157,2.9713783909251457,-1.9810745164255383
-3.8130255643053634,-1.2540779285950387,-3.303231568482239,-6.233816997683337,5.188712311181729,2.616926644246247,-7.754160051070221,8.150806081338377,8.69580747116073
4.7078308979905925,9.877743593453738,1.8913507274412256,6.755786455596646,7.302695326962452,1.7043812609110076,2.759543495210217,-7.073805669121835,-0.07150245325400872
7.841631572763337,0.06393692019330821,-3.251078695761338,0.7208888040558192,2.853356745611204,-4.804489551860862,3.2919135496351526,3.89625458013807,-5.73050844578312
-9.117496371480788,9.430708041811783,-0.2526534103474143,9.201013028762153,-6.866388796939463,-2.753421992170002,-4.270476809327111,3.4469586505522987,-3.7682613033574186
-4.502898031628659,-8.196823162147082,9.075403253723437,4.294945945633772,1.3830282706432495,-5.124886015446968,-1.8564217131483707,-7.008194786987576,7.826310328375204
8.310079095784248,3.94287443072155,6.27640356124767,5.295161005817864,0.3069507774184821,-8.849270508241567,8.376387217344973,6.477033379723078,-4.205795173729403
-2.8644141135228263,1.2299307366261636,9.754517508881385,-1.621953196462449,6.1241899178729176,9.745314273003661,6.1994837563491885,-5.9010399724132245,8.763088581991997
-3.365297470298705,-9.033089492958439,1.3909739220838002,-6.526283685578265,-7.7019866111794215,9.851402849759578,9.919679936431386,-9.40779384269985,-1.87446261128152
-0.25434353911779173,-5.022483687267796,-2.9351552690895777,9.647116229087402,5.706949445147485,4.8217969398401035,-9.926834551711526,-8.775075466983331,-4.149521637946039
-3.335609050245867,9.474324135137298,6.13836640479925,0.30865929371878487,-2.2479611996910176,3.882994842528189,2.7100371775947063,-5.085933371382416,7.631921860677073
-1.3248341106219153,-5.032127503137104,-1.1171359787130286,-0.38427062077640795,5.820034449013624,9.342712811299794,2.4489722343467335,-3.748531586783006,-5.978307805903372
-4.077674903233397,0.6052270400355564,-1.7495549332922677,-1.9210501762400178,-4.564776441814673,-3.7668665099095544,2.4576865223623057,-7.376621198252469,6.649997282452775
5.317627389637474,0.002421829782424112,1.8243033549081455,-0.9525764977000062,-9.1237699723508,-9.46271543059612,8.998794290660875,8.913971631842193,-3.1743256676494735
-1.9310545466464712,0.47157685533009586,-9.423135355785863,8.600610093483986,-9.685111151016754,4.120779839795001,7.85596364774142,-2.9456484080513956,9.902561830402721
-7.4524925055042335,2.479728654251774,-1.5320746819941466,-8.222268470964556,3.8875157836293917,-9.437123258195166,-3.6321149057935442,-6.482765988456172,3.5702695735913936
-1.6780096684265056,9.570119401753665,-6.5543538663243,3.028115311928379,5.662864007432942,-7.415957605033201,6.164720025252137,2.2117941976356326,-6.424688205598885
-1.0938760251005175,-4.626078079962152,7.211957491186045,3.7311530709096408,-0.7981238645358846,-2.8664591623925673,-8.00875832629902,-9.575898632823304,0.927777199123403
7.202931298446183,0.07140181672197432,-8.854600218015491,2.580273361419667,0.2915215598008114,-9.911728979130373,5.719918373333925,4.724952761758361,0.06939658663581039
-4.1823744802967555,-3.4395712178245508,-7.911921678977512,-4.12269617452835,-4.007003855586094,1.1066211688883376,-7.909845563629747,-0.4305326900565909,7.863660731474374
2.0252620622542894,6.153994185138403,9.023703438437918,-4.221121560464567,-7.8026835467456195,5.704834347809693,-8.884996355445649,-0.4166128492695842,5.374521559613312
-3.2656630184744784,6.897856668960458,7.28507755429373,-2.8617643531464187,3.7290850754047256,-4.004554133186629,6.704175709046445,-6.278339892729483,-7.099864013667114
2.188506615438164,-6.406090562567774,5.961557999063077,3.633612191501796,-2.9898326443749568,1.860437697037327,1.1308843047300332,-1.6720116697564413,6.131641693793382
-0.7971044916299608,-8.20919616179205,1.6229477952841087,3.9605616675263855,9.745067478867288,7.205021105856613,3.034433602184967,-5.154462251135675,9.513426134052182
